-- phpMyAdmin SQL Dump
-- version 4.1.14
-- http://www.phpmyadmin.net
--
-- Servidor: localhost
-- Tiempo de generación: 10-06-2014 a las 12:03:13
-- Versión del servidor: 5.5.37-0ubuntu0.12.04.1
-- Versión de PHP: 5.3.10-1ubuntu3.11

SET SQL_MODE = "NO_AUTO_VALUE_ON_ZERO";
SET time_zone = "+00:00";


/*!40101 SET @OLD_CHARACTER_SET_CLIENT=@@CHARACTER_SET_CLIENT */;
/*!40101 SET @OLD_CHARACTER_SET_RESULTS=@@CHARACTER_SET_RESULTS */;
/*!40101 SET @OLD_COLLATION_CONNECTION=@@COLLATION_CONNECTION */;
/*!40101 SET NAMES utf8 */;

--
-- Base de datos: `proyectodb`
--
CREATE DATABASE IF NOT EXISTS `proyectodb` DEFAULT CHARACTER SET utf8 COLLATE utf8_general_ci;
USE `proyectodb`;

-- --------------------------------------------------------

--
-- Estructura de tabla para la tabla `tblinstituciones`
--

DROP TABLE IF EXISTS `tblinstituciones`;
CREATE TABLE IF NOT EXISTS `tblinstituciones` (
  `idInstitucion` int(11) NOT NULL AUTO_INCREMENT,
  `nombre` varchar(145) NOT NULL,
  `telefono` varchar(120) NOT NULL,
  `direccion` varchar(120) NOT NULL,
  `entrecalle_a` varchar(45) NOT NULL,
  `entrecalle_b` varchar(45) NOT NULL,
  `coordenadasx` float NOT NULL,
  `coordenadasy` float NOT NULL,
  `localidad` int(11) NOT NULL,
  `tipoInst` int(11) NOT NULL,
  PRIMARY KEY (`idInstitucion`,`localidad`,`tipoInst`),
  KEY `fk_tblinstituciones_tbllocalidades_idx` (`localidad`),
  KEY `fk_tblinstituciones_tbltipoinst1_idx` (`tipoInst`)
) ENGINE=InnoDB  DEFAULT CHARSET=utf8 AUTO_INCREMENT=43 ;

--
-- Volcado de datos para la tabla `tblinstituciones`
--

INSERT INTO `tblinstituciones` (`idInstitucion`, `nombre`, `telefono`, `direccion`, `entrecalle_a`, `entrecalle_b`, `coordenadasx`, `coordenadasy`, `localidad`, `tipoInst`) VALUES
(1, 'Estrada', '011-4239-7400', 'José Manuel Estrada 5248', 'Cordero', 'Gral. Villegas', -34.7318, -58.4084, 3765, 2),
(2, 'Maspero', '011-4241-1059', 'Maspero 75', 'Del Valle Iberluceo', 'Av. Hipolito Yrigoyen', -34.7234, -58.3958, 3765, 2),
(3, 'Dr. Narciso López', '011-42412749/4184', 'O Higgins 1333', 'Gral. Guido', 'Coronel Pringles', -34.704, -58.3826, 16381, 1),
(4, 'Dr. Arturo Melo', '011-42894584/4485', 'Av. Villa de Luján 3050', 'Albarracín', 'Coronel Albariños', -34.7256, -58.3855, 3765, 1),
(5, 'Dr. Nicolás Natiello', '011-4246-8126', 'Martinto 1198', 'Ayacucho', 'Pichincha', -34.7311, -58.341, 3764, 3),
(6, 'Monte Chingolo', '011-4246-4702', 'Blanco Encalada 4393', 'José Alvarez Condarco', 'Coronel Rondeau', -34.7217, -58.3478, 3764, 3),
(7, '1ro. de Mayo', '011-4246-8689', 'Av Teodoro Sánchez de Bustamante 2355', 'J.M. Cao', 'Dr. Lorenzo A. Guarracino', -34.7035, -58.3638, 16381, 3),
(8, 'Lanús Oeste', '011-4241-7777', '25 de Mayo 707', '14 de Julio', 'Pres. Urquiza', -34.7067, -58.4026, 16381, 3),
(9, 'Villa Jardín', '011-4208-9841', 'Emilio Castro 3826', 'Coronel Murguiondo', 'Yatay', -34.6806, -58.4304, 16381, 3),
(10, 'Valentín Alsina', '011-4208-5555', 'Paso de Burgos 777', 'Irineo Portela', 'Pres. Gral Juan Domingo Perón', -34.6711, -58.4102, 3766, 3),
(11, 'General San Martín ', '011-4246-6666', 'Corvalán 2107,', 'Margarita Weild', 'Las Piedras', -34.7172, -58.3432, 16381, 3),
(12, 'N° 19 Balcarce', '011-4241-2305', 'Ugarte 3589', 'Quirno Costa', 'Lituania', -34.7171, -58.4109, 3765, 4),
(13, 'N° 45 Villa Eslovena', '', 'Colón 2475', 'Monseñor J. Hladnik', 'Francisco García Homero', -34.7169, -58.419, 3765, 4),
(14, 'Nueva Higueritas', '', 'Chascomus 720', 'J. Bolaños', 'Manuel Blanco Encalada', -34.717, -58.3544, 3764, 4),
(15, 'Interzonal General de Agudos Evita', '4241-4050/51/52/53/54/55', 'Río de Janeiro 1910', 'Segui', 'Ocampo', -34.6963, -58.4001, 16381, 1),
(16, '2 de Abril', '4693-6172', 'Soldado Zelarrayan 1103', 'Magaldi', 'Manzi', -34.7438, -58.468, 16448, 2),
(17, '25 de Mayo', '4298-7917', 'kurth 577', 'Viera', 'Frias', -34.7966, -58.468, 16452, 2),
(18, 'Angel Tullio', '4239-9663', 'Indalecio Gomez 702', 'Albarracin', 'Alzaga', -34.7812, -58.3846, 16451, 3),
(19, 'Bartolome Mitre', '4244-7664', 'Lautaro 815', 'Eva Peron', 'La Calandria', -34.7812, -58.3843, 16451, 2),
(20, 'Federico Payas', '4214-2348', 'Doyhenard 1240', 'Davila', 'Sastre', -34.7695, -58.3764, 16449, 4),
(21, 'Fonrouge', '4242-1615', 'Caraza 1848', 'Mistral', 'Mineto', -34.733, -58.4192, 16450, 3),
(22, 'General San Martin', '4260-5623', 'Anchoris 3338', 'Nazaret', 'Suecia', -34.733, -58.4255, 16451, 2),
(23, 'La cortada', '4286-3941', 'Paris 80', 'Darwin', 'Hornos', -34.721, -58.4233, 16450, 3),
(24, 'La salud como derecho', '4286-8867', 'Pasaje Eva Perón 2420', 'Oruro', 'Revolucion de Temperley', -34.721, -58.4233, 16451, 3),
(25, 'Las Casuarinas', '4260-0103', 'Las Casuarinas 3471', 'Nazaret', 'Suiza', -34.7647, -58.3681, 16451, 3),
(26, 'Luis Agote', '4286-6633', 'Ginebra 432', 'Plumerillo', 'Bravo', -34.7509, -58.3591, 16450, 2),
(27, 'Oliveras', '4264-8377', 'Carhue 850', 'El tala', 'El trebol', -34.7172, -58.4333, 16451, 4),
(28, 'Prosperidad', '4298-9011', 'Araguaya 937', 'Avellaneda', 'General Paz', -34.7609, -58.3679, 16449, 3),
(29, 'Mariano Moreno', '4282-7231', 'Timoteo Gordillo 1500', 'Victorino de la plaza', 'Prensa argentina', -34.7402, -58.4307, 16448, 3),
(30, 'Provincias Unidas', '4282-4538', 'París 1947', 'Montiel', 'Guamini', -34.7402, -58.4307, 16448, 3),
(31, '10ma.', '4246-8344', 'Aguilar 3635', 'Matanza', 'Chascomús', -34.7365, -58.3748, 3764, 5),
(34, '1ra.', '4241-0049/4444', 'Del Valle Iberlucea 2818 ', 'Lavallol', 'Aristobulo del Valle', -34.704, -58.3933, 16381, 5),
(36, 'Lanús Oeste', '4241-2222/4972', 'José Marí­a Moreno 857', 'Gdor. Udaondo', 'Río de Janeiro', -34.7013, -58.4039, 16381, 6),
(37, 'Bomberos Lanus Este', '4241-6874 / 2211', 'Gral. Rodriguez 1039 ', 'Galdos', 'Boroja', -34.7338, -58.4281, 16381, 6),
(38, 'Bomberos Lanus Este "La matanza"', '4246-3220', 'Matanza 2700 ', 'Alvear', 'Alzaga', -34.7338, -58.4281, 16381, 6),
(39, 'Bomberos Lanus Este "Condarco"', '4246-6107', 'Condarco ', 'Bueras', '-', -34.7362, -58.363, 16381, 6),
(40, 'Bomberos Lanus Oeste', '4241-4972 / 2222 / 4247-2132 ', 'Jose M. Moreno 857 ', 'Rio de janeiro', 'Udaondo', -34.701, -58.4029, 16381, 6),
(41, 'Bomberos Lanus Oeste "Chile"', '4208-2211', 'Chile 1758 ', 'Florida', 'Humaita', -34.6675, -58.4013, 16381, 6),
(42, 'Bomberos Lanus Oeste "Marco Avellaneda"', '4276-1010', 'Marco Avellaneda 1402', 'Gaboto', 'Solis', -34.7231, -58.4083, 16381, 6);

-- --------------------------------------------------------

--
-- Estructura de tabla para la tabla `tbllocalidades`
--

DROP TABLE IF EXISTS `tbllocalidades`;
CREATE TABLE IF NOT EXISTS `tbllocalidades` (
  `idLocalidad` int(11) NOT NULL AUTO_INCREMENT,
  `partido` int(11) NOT NULL,
  `nombre` varchar(45) NOT NULL,
  PRIMARY KEY (`idLocalidad`,`partido`),
  KEY `fk_tbllocalidades_tblpartidos_idx` (`partido`)
) ENGINE=InnoDB  DEFAULT CHARSET=utf8 AUTO_INCREMENT=27604 ;

--
-- Volcado de datos para la tabla `tbllocalidades`
--

INSERT INTO `tbllocalidades` (`idLocalidad`, `partido`, `nombre`) VALUES
(2458, 72, 'Avellaneda'),
(2459, 72, 'Crucesita'),
(2460, 72, 'Dock Sud'),
(2461, 72, 'Sarandi'),
(2462, 72, 'Villa Dominico'),
(2463, 72, 'Wilde'),
(2464, 63, '25 De Mayo'),
(2465, 63, 'Agustin Mosconi'),
(2466, 63, 'Araujo'),
(2468, 63, 'Colonia Inchausti'),
(2469, 63, 'Del Valle'),
(2470, 63, 'Desvio Garbarini'),
(2471, 63, 'Ernestina'),
(2472, 63, 'Escuela Agricola Salesiana'),
(2473, 63, 'Gobernador Ugarte'),
(2474, 63, 'Huetel'),
(2475, 63, 'Islas'),
(2476, 63, 'Juan Vela'),
(2477, 63, 'La Gloria'),
(2478, 63, 'La Rabia'),
(2479, 63, 'La Rubia'),
(2480, 63, 'La Tribu'),
(2481, 63, 'Laguna Las Mulitas'),
(2482, 63, 'Lucas Monteverde'),
(2483, 63, 'Mamaguita'),
(2484, 63, 'Martin Berraondo'),
(2485, 63, 'Norberto De La Riestra'),
(2486, 63, 'Ortiz De Rosas'),
(2487, 63, 'Pedernales'),
(2488, 63, 'Pueblitos'),
(2489, 63, 'San Enrique'),
(2490, 63, 'San Jose'),
(2491, 63, 'Santiago Garbarini'),
(2492, 63, 'Valdez'),
(2493, 64, '12 De Octubre'),
(2494, 64, '9 De Julio'),
(2495, 64, 'Alfredo Demarchi'),
(2497, 64, 'Amalia'),
(2498, 64, 'Bacacay'),
(2499, 64, 'Barrio Julio De Vedia'),
(2500, 64, 'Cambaceres'),
(2501, 64, 'Carlos Maria Naon'),
(2502, 64, 'Colonia Las Yescas'),
(2503, 64, 'Corbett'),
(2504, 64, 'Dennehy'),
(2505, 64, 'Desvio Kilometro 234'),
(2506, 64, 'Dudignac'),
(2507, 64, 'El Jabali'),
(2508, 64, 'El Tejar'),
(2509, 64, 'Estacion Provincial'),
(2510, 64, 'Fauzon'),
(2511, 64, 'French'),
(2512, 64, 'Galo Llorente'),
(2513, 64, 'Gerente Cilley'),
(2514, 64, 'Ingeniero De Madrid'),
(2515, 64, 'La Adela'),
(2516, 64, 'La Aurora'),
(2518, 64, 'La Yesca'),
(2519, 64, 'Laguna Del Cura'),
(2520, 64, 'Las Negras'),
(2521, 64, 'Las Rosas'),
(2522, 64, 'Morea'),
(2523, 64, 'Mulcahy'),
(2524, 64, 'Norumbega'),
(2525, 64, 'Patricios'),
(2526, 64, 'Quiroga'),
(2527, 64, 'Ramon J Neild'),
(2528, 64, 'Reginaldo J Neild'),
(2529, 64, 'San Juan'),
(2530, 64, 'Santos Unzue'),
(2531, 64, 'Tropezon'),
(2532, 64, 'Villa Diamantina'),
(2533, 65, 'Adolfo Alsina'),
(2534, 65, 'Arano'),
(2535, 65, 'Arturo Vatteone'),
(2536, 65, 'Avestruz'),
(2537, 65, 'Campo Del Norte Americano'),
(2538, 65, 'Campo La Zulema'),
(2539, 65, 'Campo Los Aromos'),
(2540, 65, 'Campo San Juan'),
(2542, 65, 'Canonigo Gorriti'),
(2543, 65, 'Carhue'),
(2544, 65, 'Chapi Talo'),
(2545, 65, 'Colonia Baron Hirsch'),
(2546, 65, 'Colonia La Estrella'),
(2547, 65, 'Colonia Lapin'),
(2548, 65, 'Colonia Leven'),
(2549, 65, 'Colonia Murature'),
(2550, 65, 'Colonia Naviera'),
(2551, 65, 'Colonia Phillipson N 1'),
(2552, 65, 'Colonia Santa Mariana'),
(2553, 65, 'Delfin Huergo'),
(2554, 65, 'El Parque'),
(2555, 65, 'Epumer'),
(2556, 65, 'Estacion Lago Epecuen'),
(2557, 65, 'Esteban A Gascon'),
(2558, 65, 'Fatralo'),
(2559, 65, 'Francisco Murature'),
(2560, 65, 'Juan V Cilley'),
(2561, 65, 'La Florida'),
(2562, 65, 'La Pala'),
(2563, 65, 'Lago Epecuen'),
(2564, 65, 'Leubuco'),
(2565, 65, 'Los Gauchos'),
(2566, 65, 'Malabia'),
(2567, 65, 'Maza'),
(2568, 65, 'Monte Fiore'),
(2569, 65, 'Pocito'),
(2570, 65, 'Rivera'),
(2571, 65, 'San Antonio'),
(2572, 65, 'San Miguel Arcangel'),
(2573, 65, 'Thames'),
(2574, 65, 'Tres Lagunas'),
(2575, 65, 'Villa Castelar Est Erize'),
(2576, 65, 'Villa Margarita'),
(2577, 65, 'Villa Maza'),
(2578, 65, 'Villa Sauri'),
(2579, 65, 'Yutuyaco'),
(2580, 66, 'Adolfo Gonzales Chaves'),
(2581, 66, 'Alzaga'),
(2582, 66, 'De La Garma'),
(2583, 66, 'Juan E Barra'),
(2584, 66, 'Pedro Lasalle'),
(2585, 66, 'Vasquez'),
(2586, 67, 'Alberti'),
(2588, 67, 'Andres Vaccarezza'),
(2589, 67, 'Baudrix'),
(2590, 67, 'Colonia Palantelen'),
(2591, 67, 'Colonia Zambungo'),
(2592, 67, 'Coronel Mon'),
(2593, 67, 'Coronel Segui'),
(2594, 67, 'Emita'),
(2595, 67, 'Grisolia'),
(2596, 67, 'Larrea'),
(2597, 67, 'Palantelen'),
(2598, 67, 'Pla'),
(2599, 67, 'Presidente Quintana'),
(2600, 67, 'San Jose'),
(2601, 67, 'Villa Maria'),
(2602, 67, 'Villa Ortiz'),
(2615, 69, 'Balneario Atlantida'),
(2616, 143, 'Balneario Camet Norte'),
(2617, 69, 'Balneario Frente Mar'),
(2618, 69, 'Balneario La Baliza'),
(2619, 69, 'Balneario La Caleta'),
(2620, 143, 'Balneario Mar De Cobo'),
(2621, 143, 'Balneario Playa Dorada'),
(2622, 69, 'Barrio Oeste'),
(2623, 69, 'Barrio Parque Bristol'),
(2624, 69, 'Comandante Nicanor Otamendi'),
(2625, 69, 'Dionisia'),
(2626, 69, 'El Centinela'),
(2627, 69, 'El Marquesado'),
(2628, 69, 'El Pito'),
(2629, 69, 'General Alvarado'),
(2630, 69, 'La Ballenera'),
(2631, 69, 'La Colmena'),
(2632, 69, 'La Elma'),
(2633, 69, 'La Lucia'),
(2634, 69, 'La Madrecita'),
(2635, 69, 'La Reforma'),
(2636, 69, 'Las Lomas'),
(2637, 69, 'Las Piedritas'),
(2638, 69, 'Los Patos'),
(2639, 69, 'Mar Del Sud'),
(2640, 69, 'Mechongue'),
(2641, 69, 'Miramar'),
(2642, 69, 'Pla Y Ragnoni'),
(2643, 69, 'San Cornelio'),
(2644, 69, 'San Eduardo Del Mar'),
(2645, 69, 'San Felipe'),
(2646, 69, 'San Jose De Otamendi'),
(2647, 69, 'Santa Irene'),
(2648, 69, 'Villa Copacabana'),
(2649, 69, 'Yraizos'),
(2650, 70, 'El Chumbiao'),
(2651, 70, 'El Parche'),
(2652, 70, 'Emma'),
(2653, 70, 'General Alvear'),
(2654, 70, 'Haras R De La Parva'),
(2655, 70, 'J M Micheo'),
(2656, 70, 'La Pampa'),
(2657, 70, 'Los Cuatro Caminos'),
(2658, 70, 'Santa Isabel'),
(2659, 71, 'Florentino Ameghino'),
(2660, 71, 'Blaquier'),
(2661, 71, 'Eduardo Costa'),
(2662, 71, 'Nueva Suiza'),
(2663, 71, 'Porvenir'),
(2666, 73, 'Ayacucho'),
(2667, 73, 'Cangallo'),
(2668, 73, 'Fair'),
(2669, 73, 'La Constancia'),
(2670, 73, 'Langueyu'),
(2671, 73, 'Las Sultanas'),
(2672, 73, 'San Ignacio'),
(2673, 73, 'San Laureano'),
(2674, 73, 'Solanet'),
(2675, 73, 'Udaquiola'),
(2676, 74, '16 De Julio'),
(2677, 74, 'Arroyo Los Huesos'),
(2678, 74, 'Antonio De Los Heros'),
(2679, 74, 'Ariel'),
(2680, 74, 'Azul'),
(2681, 74, 'Base Naval Azopardo'),
(2682, 74, 'Bernardo Vera Y Pintado'),
(2683, 74, 'Cachari'),
(2684, 74, 'Caminera Azul'),
(2685, 74, 'Campodonico'),
(2686, 74, 'Cerro Aguila'),
(2687, 74, 'Chillar'),
(2688, 74, 'Covello'),
(2689, 74, 'Estacion Lazzarino'),
(2690, 74, 'Fortin Irene'),
(2691, 74, 'Francisco J Meeks'),
(2692, 74, 'Kilometro 433'),
(2693, 74, 'La Chumbeada'),
(2694, 74, 'La Colorada'),
(2695, 74, 'La Mantequeria'),
(2696, 74, 'La Protegida'),
(2697, 74, 'Laguna Medina'),
(2698, 74, 'Las Cortaderas'),
(2699, 74, 'Las Nieves'),
(2700, 74, 'Lazzarino'),
(2701, 74, 'Martin Fierro'),
(2702, 74, 'Miramonte'),
(2703, 74, 'Nieves'),
(2704, 74, 'Pablo Acosta'),
(2705, 74, 'Parish'),
(2706, 74, 'San Gervacio'),
(2707, 74, 'San Ramon De Anchorena'),
(2708, 74, 'Shaw'),
(2710, 74, 'Vicente Pereda'),
(2711, 75, 'Adela Corti'),
(2712, 75, 'Aguara'),
(2714, 75, 'Alferez San Martin'),
(2737, 75, 'Cabildo'),
(2738, 75, 'Gral Daniel Cerri'),
(2739, 189, 'Choique'),
(2740, 75, 'Cochrane'),
(2742, 75, 'Corti'),
(2744, 75, 'Espora'),
(2746, 75, 'Garro'),
(2747, 75, 'Grunbein'),
(2749, 75, 'Kilometro 11'),
(2750, 75, 'Kilometro 652'),
(2751, 75, 'Kilometro 666'),
(2752, 75, 'Kilometro 9 Sud'),
(2753, 75, 'La Viticola'),
(2757, 75, 'Puerto Galvan'),
(2758, 75, 'Sauce Chico'),
(2759, 75, 'Spurr'),
(2760, 75, 'Venancio'),
(2761, 75, 'Villa Buenos Aires'),
(2762, 75, 'Villa Cerrito'),
(2763, 75, 'Villa Domingo Pronsato'),
(2764, 75, 'Villa Floresta'),
(2765, 75, 'Villa Harding Green'),
(2766, 75, 'Villa Herminia'),
(2767, 75, 'Villa Italia'),
(2768, 75, 'Villa Libre'),
(2769, 75, 'Villa Loreto'),
(2770, 75, 'Villa Mitre'),
(2771, 75, 'Villa Nocito'),
(2772, 75, 'Villa Obrera'),
(2773, 75, 'Villa Olga Grumbein'),
(2774, 75, 'Villa Rosas'),
(2775, 75, 'Villa Sanchez Elia'),
(2776, 75, 'Villa Serra'),
(2778, 76, 'Balcarce'),
(2779, 76, 'Bosch'),
(2780, 76, 'Caminera Napaleofu'),
(2781, 76, 'Campo La Plata'),
(2782, 76, 'Campo Leite'),
(2783, 76, 'El Hervidero'),
(2784, 76, 'El Junco'),
(2785, 76, 'El Verano'),
(2786, 76, 'El Volante'),
(2787, 76, 'Haras Ojo Del Agua'),
(2788, 76, 'La Brava'),
(2789, 76, 'La Esperanza'),
(2790, 76, 'La Para'),
(2791, 76, 'La Sara'),
(2792, 76, 'Laguna Brava'),
(2793, 76, 'Las Suizas'),
(2794, 76, 'Los Cardos'),
(2795, 76, 'Los Pinos'),
(2796, 76, 'Napaleofu'),
(2797, 76, 'Ramos Otero'),
(2798, 76, 'Rincon De Baudrix'),
(2799, 76, 'San Agustin'),
(2800, 76, 'San Simon'),
(2801, 77, 'Alsina'),
(2802, 77, 'Baradero'),
(2803, 77, 'El Silencio'),
(2804, 77, 'Estacion Baradero'),
(2805, 77, 'Estancia Santa Catalina'),
(2806, 77, 'Ireneo Portela'),
(2807, 77, 'Isla Los Laureles'),
(2808, 77, 'Paname'),
(2809, 77, 'Santa Coloma'),
(2810, 78, 'Almacen La Colina'),
(2811, 78, 'Arrecifes'),
(2812, 78, 'Campo Crisol'),
(2814, 78, 'El Nacional'),
(2815, 78, 'La Delia'),
(2816, 78, 'La Nelida'),
(2818, 78, 'Todd'),
(2819, 78, 'Villa Sanguinetti'),
(2822, 80, 'Barker'),
(2823, 80, 'Barrio Juarez'),
(2824, 80, 'Benito Juarez'),
(2825, 80, 'Caminera Juarez'),
(2826, 80, 'Chapar'),
(2828, 80, 'Coronel Rodolfo Bunge'),
(2829, 80, 'El Luchador'),
(2830, 80, 'Estancia Chapar'),
(2831, 80, 'Haras El Cisne'),
(2832, 80, 'Kilometro 404'),
(2833, 80, 'La Calera'),
(2834, 80, 'La Nutria'),
(2835, 80, 'Lopez'),
(2836, 80, 'Mariano Roldan'),
(2837, 80, 'Molino Galileo'),
(2838, 80, 'Monte Crespo'),
(2839, 80, 'Pachan'),
(2842, 80, 'Tedin Uriburu'),
(2843, 80, 'Villa Cacique'),
(2853, 82, 'Arroyo Del Pescado'),
(2854, 82, 'Arroyo La Maza'),
(2855, 82, 'Berisso'),
(2856, 82, 'Frigorifico Armour'),
(2857, 82, 'Isla Paulino'),
(2858, 82, 'La Balandra'),
(2859, 82, 'Los Talas'),
(2860, 82, 'Palo Blanco'),
(2861, 83, 'Bolivar'),
(2862, 83, 'El Porvenir'),
(2863, 83, 'Hale'),
(2864, 83, 'Juan F Ibarra'),
(2865, 83, 'La Perla'),
(2866, 83, 'La Torrecita'),
(2867, 83, 'Miramar'),
(2869, 83, 'Paula'),
(2870, 83, 'Pirovano'),
(2871, 83, 'Mariano Unzue'),
(2872, 83, 'Urdampilleta'),
(2873, 83, 'Vallimanca'),
(2874, 83, 'Villa Lynch Pueyrredon'),
(2875, 83, 'Villa Sanz'),
(2876, 84, 'Asamblea'),
(2877, 84, 'Bragado'),
(2878, 84, 'Colonia San Eduardo'),
(2879, 84, 'Comodoro Py'),
(2880, 84, 'General O Brien'),
(2881, 84, 'Irala'),
(2882, 84, 'La Limpia'),
(2883, 84, 'La Maria'),
(2884, 84, 'Maximo Fernandez'),
(2885, 84, 'Mecha'),
(2886, 84, 'Mechita'),
(2887, 84, 'Olascoaga'),
(2888, 84, 'Warnes'),
(2889, 85, 'Altamirano'),
(2890, 85, 'Barrio La Dolly'),
(2891, 85, 'Barrio Las Mandarinas'),
(2892, 85, 'Caminera Samborombon'),
(2893, 85, 'Campo Lope Seco'),
(2894, 85, 'Coronel Brandsen'),
(2895, 85, 'Desvio Kilometro 55'),
(2896, 85, 'Doyhenard'),
(2897, 85, 'Gobernador Obligado'),
(2898, 85, 'Gomez'),
(2899, 85, 'Gomez  De La Vega'),
(2900, 85, 'Jeppener'),
(2901, 85, 'Kilometro 44'),
(2902, 85, 'Kilometro 58'),
(2903, 85, 'Kilometro 82'),
(2904, 85, 'La Posada'),
(2905, 85, 'Oliden'),
(2906, 85, 'Samborombon'),
(2907, 86, 'Arroyo Aleli'),
(2908, 86, 'Arroyo Carabelitas'),
(2909, 86, 'Arroyo El Ahogado'),
(2910, 86, 'Arroyo Las Cruces'),
(2911, 86, 'Arroyo Las Rosas'),
(2912, 86, 'Arroyo Los Tigres'),
(2914, 86, 'Arroyo Pesqueria'),
(2915, 86, 'Arroyo Tajiber'),
(2916, 86, 'Arroyo Zanjon'),
(2917, 86, 'Blondeau'),
(2918, 86, 'Campana'),
(2919, 86, 'Canal N Alem 1a Sec'),
(2920, 86, 'Canal N Alem 2a Sec'),
(2921, 86, 'El Fenix'),
(2922, 86, 'Kilometro 88'),
(2923, 86, 'La Horqueta'),
(2924, 86, 'Otamendi'),
(2925, 86, 'Rio Lujan'),
(2948, 88, 'Almacen El Descanso'),
(2949, 88, 'Arroyo De Luna'),
(2950, 88, 'Campo La Elisa'),
(2951, 88, 'Capitan Sarmiento'),
(2952, 88, 'Colegio San Pablo'),
(2953, 88, 'La Luisa'),
(2954, 89, 'Algarrobo'),
(2955, 89, 'Bellocq'),
(2956, 89, 'Cadret'),
(2957, 89, 'El Camoati'),
(2958, 89, 'Carlos Casares'),
(2959, 89, 'Centenario'),
(2960, 89, 'Colonia La Esperanza'),
(2961, 89, 'Colonia Mauricio'),
(2962, 89, 'Colonia Santa Maria'),
(2963, 89, 'El Carpincho'),
(2964, 89, 'Estancia San Claudio'),
(2965, 89, 'Gobernador Arias'),
(2966, 89, 'Hortensia'),
(2967, 89, 'La Dorita'),
(2968, 89, 'La Sofia'),
(2969, 89, 'Mauricio Hirsch'),
(2970, 89, 'Moctezuma'),
(2971, 89, 'Odorqui'),
(2972, 89, 'San Juan De Nelson'),
(2973, 89, 'Santa Maria Belloq'),
(2974, 89, 'Santo Tomas'),
(2975, 89, 'Santo Tomas Chico'),
(2976, 89, 'Smith'),
(2977, 90, 'Carlos Tejedor'),
(2978, 90, 'Colonia Sere'),
(2979, 90, 'Cuenca'),
(2980, 90, 'Curaru'),
(2981, 90, 'Drysdale'),
(2982, 90, 'Encina'),
(2983, 90, 'Esteban De Luca'),
(2984, 90, 'Hereford'),
(2985, 90, 'Husares'),
(2986, 90, 'Ingeniero Beaugey'),
(2987, 90, 'Kilometro 386'),
(2988, 90, 'Kilometro 393'),
(2989, 90, 'La Higuera'),
(2991, 90, 'Los Indios'),
(2992, 90, 'Marucha'),
(2993, 90, 'Necol Estacion Fcgm'),
(2994, 90, 'San Carlos'),
(2995, 90, 'Santa Ines'),
(2996, 90, 'Timote'),
(2997, 90, 'Tres Algarrobos'),
(2998, 91, 'Carmen De Areco'),
(2999, 91, 'Estrella Naciente'),
(3000, 91, 'Gouin'),
(3001, 91, 'Haras Los Cardales'),
(3002, 91, 'Kenny'),
(3003, 91, 'La Central'),
(3004, 91, 'Parada Tatay'),
(3005, 91, 'Retiro San Pablo'),
(3006, 91, 'San Ernesto'),
(3007, 91, 'Tatay'),
(3008, 91, 'Tres Sargentos'),
(3009, 92, 'Ambrosio P Lezica'),
(3010, 92, 'Bahia San Blas'),
(3011, 92, 'Cantera Villalonga'),
(3012, 92, 'Cardenal Cagliero'),
(3013, 92, 'Carmen De Patagones'),
(3014, 92, 'Colonia Miguel Esteverena'),
(3015, 92, 'Colonia El Guanaco'),
(3016, 92, 'Colonia Barga'),
(3017, 92, 'Colonia La Celina'),
(3018, 92, 'Colonia La Graciela'),
(3019, 92, 'Colonia Los Alamos'),
(3020, 92, 'Colonia San Francisco'),
(3021, 92, 'Colonia Tapatta'),
(3022, 92, 'El Bagual'),
(3023, 92, 'Emilio Lamarca'),
(3024, 92, 'Faro Segunda Barrancosa'),
(3025, 92, 'Fortin Viejo'),
(3026, 92, 'Igarzabal'),
(3027, 92, 'Jarrilla'),
(3028, 92, 'Jose B Casas'),
(3029, 92, 'Juan A Pradere'),
(3030, 92, 'Las Cortaderas'),
(3031, 92, 'Los Pozos'),
(3032, 92, 'Paso Alsina'),
(3033, 92, 'Puerto Tres Bonetes'),
(3034, 92, 'Puerto Wassermann'),
(3035, 92, 'Salina De Piedra'),
(3036, 92, 'Stroeder'),
(3037, 92, 'Termas Los Gauchos'),
(3038, 92, 'Villa Elena'),
(3039, 92, 'Villalonga'),
(3041, 94, 'Canal 15 Cerro De La Gloria'),
(3042, 94, 'Castelli'),
(3043, 94, 'Centro Guerrero'),
(3044, 94, 'Guerrero'),
(3045, 94, 'La Corinco'),
(3046, 94, 'La Costa'),
(3047, 94, 'Parque Taillade'),
(3048, 94, 'San Jose De Gali'),
(3049, 95, 'Castilla'),
(3050, 95, 'Chacabuco'),
(3051, 95, 'Coliqueo'),
(3052, 95, 'Cucha Cucha'),
(3054, 95, 'Ingeniero Silveyra'),
(3055, 95, 'La California Argentina'),
(3056, 95, 'Los Angeles'),
(3057, 95, 'Membrillar'),
(3058, 95, 'O Higgins'),
(3059, 95, 'Palemon Huergo'),
(3060, 95, 'Rawson'),
(3061, 95, 'San Patricio'),
(3063, 96, 'Adela'),
(3065, 96, 'Chascomus'),
(3066, 96, 'Colonia Escuela Argentina'),
(3067, 96, 'Comandante Giribone'),
(3068, 96, 'Cuartel 6'),
(3069, 96, 'Cuartel 8'),
(3070, 96, 'Don Cipriano'),
(3071, 96, 'El Carbon'),
(3072, 96, 'El Destino'),
(3073, 96, 'El Eucaliptus'),
(3074, 96, 'El Rincon'),
(3075, 96, 'Estancia San Rafael'),
(3076, 96, 'Gandara'),
(3077, 96, 'Haras San Ignacio'),
(3078, 96, 'La Alameda'),
(3079, 96, 'La Amalia'),
(3080, 96, 'La Amistad'),
(3081, 96, 'La Azotea Grande'),
(3082, 96, 'La Horqueta'),
(3084, 96, 'La Reforma'),
(3085, 96, 'Las Bruscas'),
(3086, 96, 'Las Mulas'),
(3087, 96, 'Legaristi'),
(3088, 96, 'Lezama'),
(3089, 96, 'Libres Del Sud'),
(3090, 96, 'Monasterio'),
(3091, 96, 'Pedro Nicolas Escribano'),
(3092, 96, 'Pessagno'),
(3093, 96, 'Vista Alegre'),
(3094, 96, 'Vitel'),
(3095, 97, 'Benitez'),
(3098, 97, 'Gorostiaga'),
(3099, 97, 'Haras El Carmen'),
(3100, 97, 'Henry Bell'),
(3101, 97, 'Indacochea'),
(3102, 97, 'La Carlota'),
(3103, 97, 'La Dormilona'),
(3104, 97, 'La Rica'),
(3105, 97, 'Puente Batalla'),
(3106, 97, 'Ramon Biaus'),
(3107, 97, 'San Sebastian'),
(3108, 97, 'Villa Moquehua'),
(3109, 98, 'Colon'),
(3110, 98, 'El Arbolito'),
(3111, 98, 'El Pelado'),
(3112, 98, 'Estancia Las Gamas'),
(3113, 98, 'Los Arcos'),
(3114, 98, 'Pearson'),
(3115, 98, 'Sarasa'),
(3116, 99, 'Almirante Solier'),
(3117, 99, 'Arroyo Pareja'),
(3118, 99, 'Bajo Hondo'),
(3119, 99, 'Balneario Parada'),
(3120, 99, 'Baterias'),
(3121, 99, 'Calderon'),
(3122, 99, 'Desvio Sandrini'),
(3123, 99, 'Isla Catarelli'),
(3124, 99, 'La Martina'),
(3125, 99, 'La Virginia'),
(3126, 99, 'Paso Mayor'),
(3127, 99, 'Pehuen Co'),
(3128, 99, 'Puerto Belgrano'),
(3129, 99, 'Puerto Rosales'),
(3130, 99, 'Punta Alta'),
(3131, 99, 'Villa Del Mar'),
(3132, 99, 'Villa General Arias'),
(3133, 99, 'Villa Laura'),
(3134, 99, 'Villa Maio'),
(3135, 100, 'Faro'),
(3136, 100, 'Aparicio'),
(3137, 100, 'Calvo'),
(3138, 100, 'Campo La Lima'),
(3139, 100, 'Coronel Dorrego'),
(3140, 100, 'El Zorro'),
(3141, 100, 'Gil'),
(3142, 100, 'Irene'),
(3143, 100, 'Jose A Guisasola'),
(3144, 100, 'Kilometro 563'),
(3145, 100, 'La Aurora'),
(3146, 100, 'La Luna'),
(3147, 100, 'La Sirena'),
(3148, 100, 'La Soberania'),
(3149, 100, 'Las Oscuras'),
(3150, 100, 'Nicolas Descalzi'),
(3151, 100, 'Oriente'),
(3152, 100, 'Paraje La Aurora'),
(3153, 100, 'San Ramon'),
(3154, 100, 'San Roman'),
(3155, 100, 'Sauce Grande'),
(3156, 101, 'Coronel Falcon'),
(3157, 101, 'Coronel Pringles'),
(3159, 101, 'El Divisorio'),
(3160, 101, 'El Pensamiento'),
(3161, 101, 'Estacion Coronel Pringles'),
(3162, 101, 'Indio Rico'),
(3163, 101, 'Krabbe'),
(3164, 101, 'La Reserva'),
(3165, 101, 'Lartigau'),
(3166, 101, 'Las Mostazas'),
(3167, 101, 'Pillahuinco'),
(3168, 101, 'Stegmann'),
(3169, 101, 'Tejo Galeta'),
(3170, 102, 'Bathurst Estacion'),
(3171, 102, 'Cascada'),
(3172, 102, 'Coronel Suarez'),
(3173, 102, 'Curamalan'),
(3174, 102, 'D Orbigny'),
(3175, 102, 'Huanguelen'),
(3176, 102, 'La Primavera'),
(3177, 102, 'Ombu'),
(3179, 102, 'Pasman'),
(3181, 102, 'Pueblo San Jose'),
(3182, 102, 'Pueblo Santa Maria'),
(3184, 102, 'Santa Trinidad'),
(3185, 102, 'Villa Arcadia'),
(3186, 102, 'Zentena'),
(3187, 102, 'Zoilo Peralta'),
(3188, 103, 'Alfalad'),
(3189, 103, 'Andant'),
(3190, 103, 'Arboleda'),
(3191, 103, 'Atahualpa'),
(3192, 103, 'Coronel Marcelino Freyre'),
(3193, 103, 'Daireaux'),
(3194, 103, 'Enrique Lavalle'),
(3195, 103, 'La Armonia'),
(3196, 103, 'La Copeta'),
(3197, 103, 'La Larga'),
(3198, 103, 'La Manuela'),
(3199, 103, 'Los Coloniales'),
(3200, 103, 'Louge'),
(3201, 103, 'Luro'),
(3202, 103, 'Masurel'),
(3203, 103, 'Mauras'),
(3204, 103, 'Mouras'),
(3205, 103, 'Salazar'),
(3206, 103, 'Villa Aldeanita'),
(3207, 103, 'Villa Carola'),
(3208, 104, 'Dolores'),
(3209, 104, 'El 60'),
(3210, 104, 'Kilometro 212'),
(3211, 104, 'La Estrella'),
(3212, 104, 'La Posta'),
(3213, 104, 'La Proteccion'),
(3214, 104, 'Las Viboras'),
(3215, 104, 'Loma De Salomon'),
(3216, 104, 'Paraje La Vasca'),
(3217, 104, 'Parravichini'),
(3218, 104, 'Sevigne'),
(3219, 104, 'Tres Leguas'),
(3220, 104, 'Vecino'),
(3221, 105, 'Base Naval Rio Santiago'),
(3222, 105, 'Destileria Fiscal'),
(3223, 105, 'Dock Central'),
(3224, 105, 'Ensenada'),
(3225, 105, 'Esc Nav Militar Rio Sant'),
(3226, 105, 'Fuerte Barragan'),
(3227, 105, 'Grand Dock'),
(3228, 105, 'Isla Santiago'),
(3229, 105, 'Puerto La Plata'),
(3230, 105, 'Punta Lara'),
(3231, 106, 'Arroyo Canelon'),
(3232, 106, 'Arroyo Las Rosas'),
(3233, 106, 'Barrio Garin Norte'),
(3234, 106, 'Barrio Parque Lambare'),
(3235, 106, 'Belen De Escobar'),
(3236, 106, 'Garin'),
(3237, 106, 'Ingeniero Maschwitz'),
(3238, 106, 'La Gracielita'),
(3239, 106, 'Loma Verde'),
(3240, 106, 'Maquinista F Savio'),
(3241, 106, 'Matheu'),
(3242, 106, 'Puerto De Escobar'),
(3243, 106, 'Punta De Canal'),
(3244, 106, 'Barrio El Cazador'),
(3247, 106, 'Villa La Chechela'),
(3248, 106, 'Villa Vallier'),
(3478, 108, 'Arroyo De La Cruz'),
(3479, 108, 'Campo La Nena'),
(3481, 108, 'Chenaut'),
(3482, 108, 'Diego Gaynor'),
(3483, 108, 'Etchegoyen'),
(3484, 108, 'Exaltacion De La Cruz'),
(3485, 108, 'Gobernador Andonaeghi'),
(3486, 108, 'Kilometro 102'),
(3487, 108, 'La Lata'),
(3488, 108, 'La Rosada'),
(3489, 108, 'Los Cardales'),
(3490, 108, 'Orlando'),
(3491, 108, 'Parada Los Robles'),
(3492, 108, 'Pavon'),
(3493, 108, 'Villa Preceptor M Robles'),
(3494, 108, 'Villa Preceptor Manuel Cruz'),
(3509, 111, 'Arenales'),
(3511, 111, 'Ascencion'),
(3512, 111, 'Colonia Los Hornos'),
(3513, 111, 'Delgado'),
(3514, 111, 'Desvio El Chingolo'),
(3515, 111, 'Desvio Kilometro 95'),
(3516, 111, 'Escuela Agricola Salesiana'),
(3517, 111, 'Estacion Ascension'),
(3518, 111, 'Estacion General Arenales'),
(3519, 111, 'Ferre'),
(3520, 111, 'General Arenales'),
(3521, 111, 'Ham'),
(3522, 111, 'Kilometro 95'),
(3523, 111, 'La Angelita'),
(3524, 111, 'La Huayqueria'),
(3525, 111, 'La Pinta'),
(3526, 111, 'La Trinidad'),
(3527, 112, 'Abbott'),
(3528, 112, 'Bonnement'),
(3529, 112, 'Chas'),
(3530, 112, 'El Siasgo'),
(3531, 112, 'General Belgrano'),
(3532, 112, 'Gorchs'),
(3533, 112, 'Haras Chacabuco'),
(3535, 112, 'Kilometro 146'),
(3536, 112, 'La Chumbeada'),
(3537, 112, 'La Esperanza'),
(3538, 112, 'La Verde'),
(3539, 112, 'Newton'),
(3540, 113, 'General Guido'),
(3541, 113, 'Labarden'),
(3542, 113, 'San Justo'),
(3543, 411, 'Aguas Verdes'),
(3544, 114, 'Barrio Pedro Rocco'),
(3545, 411, 'Costa Azul'),
(3546, 114, 'Faro San Antonio'),
(3547, 114, 'General Lavalle'),
(3548, 411, 'La Lucila Del Mar'),
(3549, 114, 'La Mascota'),
(3550, 114, 'La Tablada'),
(3551, 114, 'La Victoria'),
(3552, 411, 'Las Toninas'),
(3553, 411, 'Mar De Ajo'),
(3554, 411, 'Mar Del Tuyu'),
(3555, 411, 'Nueva Atlantis'),
(3556, 411, 'Playa Las Margaritas'),
(3557, 411, 'Punta Medanos'),
(3558, 114, 'Salada Chica'),
(3559, 114, 'Salada Grande'),
(3560, 411, 'San Bernardo Del Tuyu'),
(3561, 411, 'San Clemente Del Tuyu'),
(3562, 114, 'San Jose De Los Quinteros'),
(3563, 114, 'Santa Teresa'),
(3564, 411, 'Santa Teresita'),
(3565, 114, 'Villa Clelia'),
(3566, 410, 'Carilo'),
(3567, 115, 'Claverie'),
(3568, 115, 'El Chaja'),
(3570, 115, 'Faro Querandi'),
(3571, 115, 'General Madariaga'),
(3572, 115, 'Gobos'),
(3574, 115, 'Goroso'),
(3575, 115, 'Hinojales'),
(3576, 115, 'Invernadas'),
(3577, 115, 'Isondu'),
(3578, 115, 'Juancho'),
(3579, 115, 'La Esperanza Gral Madariaga'),
(3580, 115, 'Macedo'),
(3581, 412, 'Mar Azul'),
(3582, 412, 'Mar De Las Pampas'),
(3583, 115, 'Medaland'),
(3584, 410, 'Montecarlo'),
(3585, 410, 'Ostende'),
(3586, 410, 'Parque Carilo'),
(3587, 115, 'Pasos'),
(3588, 410, 'Pinamar'),
(3589, 115, 'Speroni'),
(3590, 115, 'Tio Domingo'),
(3591, 410, 'Valeria Del Mar'),
(3592, 412, 'Villa Gesell'),
(3593, 116, 'Alegre'),
(3594, 116, 'Cancha Del Pollo'),
(3595, 116, 'Cuartel 2'),
(3596, 116, 'Espartillar'),
(3597, 116, 'Estancia Vieja'),
(3598, 116, 'Kilometro 70'),
(3599, 116, 'Loma Verde'),
(3600, 116, 'Los Merinos'),
(3601, 116, 'Ranchos'),
(3602, 116, 'Rincon De Vivot'),
(3603, 116, 'Villanueva'),
(3604, 117, 'Coronel Granada'),
(3605, 117, 'Dos Hermanos'),
(3606, 117, 'Dussaud'),
(3607, 117, 'El Peregrino'),
(3608, 117, 'General Pinto'),
(3609, 117, 'Germania'),
(3610, 117, 'Gunther'),
(3611, 117, 'Halcey'),
(3612, 117, 'Haras El Catorce'),
(3613, 117, 'Ingeniero Balbin'),
(3614, 117, 'Iriarte'),
(3615, 117, 'La Suiza'),
(3616, 117, 'Los Callejones'),
(3617, 117, 'Mayor Jose Orellano'),
(3618, 117, 'Pazos Kanki'),
(3620, 117, 'Solale'),
(3621, 117, 'Villa Francia'),
(3622, 117, 'Volta'),
(3628, 120, 'Banderalo'),
(3630, 120, 'Coronel Charlone'),
(3631, 120, 'Drabble'),
(3632, 120, 'El Dia'),
(3633, 120, 'Elordi'),
(3634, 120, 'Emilio Bunge'),
(3636, 120, 'General Villegas'),
(3637, 120, 'Gondra'),
(3638, 120, 'Los Caldenes'),
(3639, 120, 'Los Laureles'),
(3640, 120, 'Moores'),
(3641, 120, 'Pichincha'),
(3642, 120, 'Piedritas'),
(3643, 120, 'Pradere Juan A'),
(3644, 120, 'Santa Eleodora'),
(3645, 120, 'Santa Regina'),
(3646, 120, 'Villa Saboya'),
(3647, 120, 'Villa Sauce'),
(3648, 121, 'Alamos'),
(3649, 121, 'Alfa'),
(3650, 121, 'Arroyo El Chingolo'),
(3651, 121, 'Arroyo Venado'),
(3652, 121, 'Bonifacio'),
(3653, 121, 'Bravo Del Dos'),
(3654, 121, 'Casbas'),
(3655, 121, 'Casey'),
(3656, 121, 'Colonia San Ramon'),
(3657, 121, 'El Nilo'),
(3659, 121, 'Fortin Paunero'),
(3660, 121, 'Garre'),
(3661, 121, 'Guamini'),
(3662, 121, 'La Gregoria'),
(3663, 121, 'La Herminia'),
(3664, 121, 'La Nevada'),
(3665, 121, 'Laguna Alsina'),
(3666, 121, 'Laguna Del Monte'),
(3667, 121, 'Las Cuatro Hermanas'),
(3668, 121, 'Las Mercedes'),
(3669, 121, 'Las Tres Flores'),
(3670, 121, 'Papin'),
(3671, 121, 'Rolito Estacion Fcgb'),
(3672, 121, 'San Fermin'),
(3673, 121, 'Santa Rita Pdo Guamini'),
(3674, 121, 'Saturno'),
(3675, 121, 'Victorino De La Plaza'),
(3676, 121, 'Vuelta De Zapata'),
(3683, 126, 'Agustin Roca'),
(3684, 126, 'Agustina'),
(3685, 126, 'Barrio Carosio'),
(3687, 126, 'Barrio Villa Ortega'),
(3688, 126, 'Blandengues'),
(3689, 126, 'Fortin Tiburcio'),
(3691, 126, 'La Oriental'),
(3692, 126, 'Laguna De Gomez'),
(3693, 126, 'Laplacette'),
(3694, 126, 'Las Parvas'),
(3695, 126, 'Morse'),
(3696, 126, 'Pueblo Nuevo'),
(3697, 126, 'Saforcada'),
(3698, 126, 'Villa Belgrano'),
(3699, 126, 'Villa Mayor'),
(3700, 126, 'Villa Ortega'),
(3701, 126, 'Villa Penotti'),
(3702, 126, 'Villa Talleres'),
(3703, 126, 'Villa Triangulo'),
(3704, 126, 'Villa York'),
(3723, 128, 'Abasto'),
(3724, 128, 'Arturo Segui'),
(3725, 128, 'City Bell'),
(3727, 128, 'Joaquin Gorina'),
(3730, 128, 'Arana'),
(3739, 128, 'Estacion Gomez'),
(3740, 128, 'Estacion Moreno'),
(3741, 128, 'Lisandro Olmos Etcheverry'),
(3742, 128, 'Los Eucaliptus Casco Urbano'),
(3743, 128, 'Manuel B Gonnet'),
(3744, 128, 'Melchor Romero'),
(3745, 128, 'Nueva Hermosura'),
(3746, 128, 'Pereyra Iraola Parque'),
(3747, 128, 'Poblet'),
(3748, 128, 'Villa Elisa'),
(3749, 129, 'Aldecon'),
(3750, 129, 'Chala Quilca'),
(3751, 129, 'Fortin Necochea'),
(3752, 129, 'General Lamadrid'),
(3753, 129, 'La Colina'),
(3754, 129, 'Las Bandurrias'),
(3755, 129, 'Las Martinetas'),
(3756, 129, 'Lastra'),
(3757, 129, 'Libano'),
(3758, 129, 'Pontaut'),
(3759, 129, 'Quilco'),
(3760, 129, 'Raulet'),
(3761, 129, 'San Quilco'),
(3762, 129, 'Santa Clementina'),
(3764, 130, 'Monte Chingolo'),
(3765, 130, 'Remedios De Escalada'),
(3766, 130, 'Valentin Alsina'),
(3767, 131, 'Laprida'),
(3768, 131, 'Las Hermanas'),
(3769, 131, 'Los Pinos'),
(3771, 131, 'San Jorge'),
(3772, 131, 'Santa Elena'),
(3773, 131, 'Villa Pueblo Nuevo'),
(3774, 131, 'Voluntad'),
(3775, 132, 'Coronel Boerr'),
(3776, 132, 'Doctor Domingo Harosteguy'),
(3777, 132, 'El Gualicho'),
(3778, 132, 'El Trigo'),
(3779, 132, 'Estrugamou'),
(3780, 132, 'La Esperanza Rosas Las Flores'),
(3782, 132, 'Las Flores'),
(3783, 132, 'Pardo'),
(3784, 132, 'Plaza Montero'),
(3785, 132, 'Rosas'),
(3786, 132, 'Santa Rosa De Minellono'),
(3787, 132, 'Vilela'),
(3788, 133, 'El Durazno'),
(3789, 133, 'Enrique Fynn'),
(3790, 133, 'General Hornos'),
(3791, 133, 'Kilometro 77'),
(3792, 133, 'Kilometro 79'),
(3793, 133, 'La Choza'),
(3794, 133, 'General Las Heras'),
(3795, 133, 'Lozano'),
(3796, 133, 'Parada Kilometro 76'),
(3797, 133, 'Plomer'),
(3798, 133, 'Speratti'),
(3799, 133, 'Villars'),
(3800, 134, 'Alberdi'),
(3801, 134, 'Colonia Alberdi'),
(3802, 134, 'De Bruyn'),
(3803, 134, 'Edmundo Perkins'),
(3804, 134, 'El Dorado'),
(3805, 134, 'Fortin Acha'),
(3806, 134, 'Juan Bautista Alberdi'),
(3807, 134, 'Leandro N Alem'),
(3808, 134, 'Sauzales'),
(3809, 134, 'Trigales'),
(3810, 134, 'Vedia'),
(3811, 135, 'Arenaza'),
(3812, 135, 'Balsa'),
(3813, 135, 'Bayauca'),
(3814, 135, 'Bermudez'),
(3815, 135, 'Carlos Salas'),
(3816, 135, 'Coronel Martinez De Hoz'),
(3817, 135, 'El Triunfo'),
(3818, 135, 'Estacion Lincoln'),
(3819, 135, 'Estancia Mitikili'),
(3820, 135, 'Estancia San Antonio'),
(3821, 135, 'Fortin Vigilancia'),
(3822, 135, 'Haras Trujui'),
(3823, 135, 'Kilometro 321'),
(3824, 135, 'Kilometro 322'),
(3825, 135, 'Kilometro 352'),
(3826, 135, 'Kilometro 356'),
(3827, 135, 'La Pradera'),
(3829, 135, 'Las Toscas'),
(3830, 135, 'Lincoln'),
(3831, 135, 'Los Altos'),
(3832, 135, 'Pasteur'),
(3833, 135, 'Pueblo Martinez De Hoz'),
(3834, 135, 'Roberts'),
(3835, 135, 'Santa Maria'),
(3836, 135, 'Triunvirato'),
(3837, 135, 'Vigelencia'),
(3838, 136, 'Campo Pelaez'),
(3839, 136, 'Costa Bonita Balneario'),
(3840, 136, 'Dos Naciones'),
(3841, 136, 'El Cheique'),
(3842, 136, 'El Lenguaraz'),
(3843, 136, 'El Moro'),
(3844, 136, 'Haras El Moro'),
(3845, 136, 'Haras Nacional'),
(3846, 136, 'Kilometro 440'),
(3847, 136, 'La Palma'),
(3848, 136, 'La Playa'),
(3849, 136, 'Las Nutrias'),
(3850, 136, 'Licenciado Matienzo'),
(3851, 136, 'Loberia'),
(3852, 136, 'Los Cerros'),
(3853, 136, 'Malecon Gardella'),
(3854, 136, 'Maori'),
(3855, 136, 'Pieres'),
(3856, 151, 'Quequen'),
(3857, 136, 'San Manuel'),
(3858, 136, 'San Miguel Del Moro'),
(3859, 136, 'Tamangueyu'),
(3860, 151, 'Villa Puerto Quequen'),
(3861, 137, 'Antonio Carboni'),
(3862, 137, 'Arevalo'),
(3863, 137, 'El Araza'),
(3864, 137, 'Elvira'),
(3865, 137, 'Empalme Lobos'),
(3866, 137, 'Kilometro 112'),
(3867, 137, 'Kilometro 88'),
(3868, 137, 'La Adelaida'),
(3870, 137, 'Laguna De Lobos'),
(3871, 137, 'Las Chacras'),
(3872, 137, 'Lobos'),
(3873, 137, 'Salvador Maria'),
(3874, 137, 'Santa Alicia'),
(3875, 137, 'Santa Felicia'),
(3876, 137, 'Zapiola'),
(3884, 139, 'Alastuey'),
(3885, 139, 'Caminera Lujan'),
(3887, 139, 'Carlos Keen'),
(3888, 139, 'Colonia Nac De Alienados'),
(3889, 139, 'Cortines'),
(3890, 139, 'Cuartel Cuatro'),
(3891, 139, 'Doctor Domingo Cabred'),
(3892, 139, 'Est Jauregui (va Flandria)'),
(3893, 139, 'La Loma'),
(3894, 139, 'Lezica Y Torrezuri'),
(3896, 139, 'Mariscal Sucre'),
(3897, 139, 'Olivera'),
(3898, 139, 'Open Door'),
(3899, 139, 'Pueblo Nuevo'),
(3900, 139, 'Ruta 8 Kilometro 77'),
(3901, 139, 'San Eladio'),
(3902, 139, 'Santa Elena'),
(3903, 139, 'Sucre'),
(3904, 139, 'Torres'),
(3905, 139, 'Jauregui Jose Maria'),
(3906, 139, 'Villa Francia'),
(3908, 140, 'Arbuco'),
(3909, 140, 'Atalaya'),
(3911, 140, 'Bme Bavio Gral Mansilla'),
(3912, 140, 'Base Aeronaval Punta Indio'),
(3913, 140, 'Colonia Beethoven'),
(3914, 140, 'Cristino Benavidez'),
(3915, 140, 'El Pino'),
(3916, 140, 'El Rosario'),
(3917, 140, 'Empalme Magdalena'),
(3918, 140, 'Jose Ferrari'),
(3919, 140, 'Julio Arditi'),
(3920, 140, 'Kilometro 103'),
(3921, 140, 'Kilometro 92'),
(3922, 140, 'La Primavera'),
(3923, 140, 'La Talina'),
(3925, 140, 'Los Santos Viejos'),
(3927, 140, 'Magdalena'),
(3928, 409, 'Monte Veloz'),
(3930, 140, 'Paraje Starache'),
(3931, 140, 'Payro R'),
(3933, 409, 'Pipinas'),
(3934, 409, 'Punta Indio'),
(3935, 140, 'Rincon De Noario'),
(3936, 140, 'Ruta 11 Kilometro 23'),
(3937, 140, 'Vergara'),
(3938, 409, 'Veronica'),
(3939, 140, 'Vieytes'),
(3940, 141, 'Cari Larquea'),
(3941, 141, 'Colonia Ferrari'),
(3942, 141, 'Hogar Mariano Ortiz Basualdo'),
(3943, 141, 'La Amorilla'),
(3944, 141, 'La Colorada'),
(3945, 141, 'Las Armas'),
(3946, 141, 'Maipu'),
(3947, 141, 'Monsalvo'),
(3948, 141, 'Santo Domingo'),
(3949, 141, 'Segurola'),
(4065, 143, 'Arroyo Grande'),
(4066, 143, 'Balneario Santa Elena'),
(4067, 143, 'Calfucura'),
(4068, 143, 'Campamento'),
(4069, 143, 'Cobo'),
(4070, 143, 'Coronel Vidal'),
(4071, 143, 'El Refugio'),
(4072, 143, 'El Vigilante'),
(4073, 143, 'Escuela Agricola Rural'),
(4074, 143, 'General Piran'),
(4075, 143, 'Haras 1 De Mayo'),
(4076, 143, 'La Tobiana'),
(4077, 143, 'Las Chilcas'),
(4078, 143, 'Mar Chiquita'),
(4079, 143, 'Nahuel Ruca'),
(4080, 143, 'San Julian'),
(4081, 143, 'San Valentin'),
(4082, 143, 'Santa Clara Del Mar'),
(4083, 143, 'Siempre Verde'),
(4084, 162, 'Unidad Turistica Chapadmalal'),
(4085, 143, 'Vivorata'),
(4086, 144, 'B Los Aromos San Patricio'),
(4088, 144, 'Bo Sta Catalina Hornero La L'),
(4089, 144, 'B Sarmiento Don Rolando'),
(4090, 144, 'Colonia Hogar R Gutierrez'),
(4091, 144, 'Colonia Nacional De Menores'),
(4092, 144, 'Elias Romero'),
(4093, 144, 'Kilometro 45'),
(4094, 144, 'Kilometro 53'),
(4096, 144, 'Marcos Paz B Bernasconi'),
(4097, 144, 'Marcos Paz B El Martillo'),
(4098, 144, 'Marcos Paz B El Moro'),
(4099, 144, 'Marcos Paz B El Zorzal'),
(4100, 144, 'Marcos Paz B La Lonja'),
(4101, 144, 'Marcos Paz B La Milagrosa'),
(4102, 144, 'Marcos Paz B Martin Fierro'),
(4103, 144, 'Marcos Paz B Urioste'),
(4104, 144, 'Zamudio'),
(4105, 145, 'Agote'),
(4106, 145, 'Altamira'),
(4107, 145, 'Barrio General San Martin'),
(4108, 145, 'Comahue Oeste'),
(4109, 145, 'Goldney'),
(4110, 145, 'Gowland'),
(4111, 145, 'La Valerosa'),
(4112, 145, 'La Verde'),
(4113, 145, 'Manuel Jose Garcia'),
(4116, 145, 'San Jacinto'),
(4117, 145, 'Seminario Pio Xii'),
(4118, 145, 'Tomas Jofre'),
(4124, 147, 'Balneario Oriente'),
(4125, 147, 'Balneario Sauce Grande'),
(4126, 147, 'Monte Hermoso'),
(4127, 147, 'Zubiaurre'),
(4137, 150, 'Achupallas'),
(4138, 150, 'Anasagasti'),
(4140, 150, 'Esteban Diaz'),
(4141, 150, 'Gonzalez Risos'),
(4143, 150, 'Juan Jose Almeyra'),
(4144, 150, 'Kilometro 116'),
(4145, 150, 'Kilometro 117'),
(4146, 150, 'Kilometro 83'),
(4147, 150, 'Kilometro 90'),
(4148, 150, 'La Blanqueada'),
(4149, 150, 'La Victoria Desvio'),
(4150, 150, 'Las Marianas'),
(4151, 150, 'Moll'),
(4152, 150, 'Navarro'),
(4153, 150, 'Rincon Norte'),
(4154, 150, 'Sol De Mayo'),
(4155, 150, 'Ingeniero Williams'),
(4156, 151, 'Aneque Grande'),
(4157, 151, 'Arroyo Chico'),
(4158, 151, 'Balneario Los Angeles'),
(4159, 151, 'Claraz'),
(4160, 151, 'El Pito'),
(4161, 151, 'Energia'),
(4162, 151, 'Haras La Lula'),
(4163, 151, 'Hospital Necochea'),
(4164, 151, 'Juan N Fernandez'),
(4165, 151, 'La Dulce'),
(4166, 151, 'La Negra'),
(4167, 151, 'La Primitiva'),
(4168, 151, 'Lumb'),
(4169, 151, 'Medano Blanco'),
(4171, 151, 'Nicanor Olivera'),
(4172, 151, 'Puerto Necochea'),
(4173, 151, 'Ramon Santamarina'),
(4174, 151, 'San Cala'),
(4175, 151, 'San Jose'),
(4176, 151, 'Valenzuela Anton'),
(4177, 151, 'Villa Diaz Velez'),
(4220, 154, 'Alvaro Barros'),
(4221, 154, 'Barrio La Luisa'),
(4222, 154, 'Blanca Grande'),
(4223, 154, 'Calera Avellaneda'),
(4224, 154, 'Canteras De Gregorini'),
(4225, 154, 'Cerro Negro'),
(4226, 154, 'Cerro Sotuyo'),
(4227, 154, 'Colonia Hinojo'),
(4228, 154, 'Colonia Nieves'),
(4229, 154, 'Colonia Rusa'),
(4230, 154, 'Colonia San Miguel'),
(4232, 154, 'Empalme Querandies'),
(4233, 154, 'Espigas'),
(4235, 154, 'Fortin Lavalle'),
(4236, 154, 'Hinojo'),
(4237, 154, 'Iturregui'),
(4238, 154, 'Kilometro 333'),
(4239, 154, 'La Estrella'),
(4240, 154, 'La Narcisa'),
(4241, 154, 'La Navarra'),
(4242, 154, 'La Palmira'),
(4243, 154, 'La Protegida'),
(4244, 154, 'La Providencia'),
(4245, 154, 'La Tomasa'),
(4246, 154, 'Las Piedritas'),
(4247, 154, 'Loma Negra'),
(4248, 154, 'Mapis'),
(4250, 154, 'Olavarria'),
(4251, 154, 'Pourtale'),
(4252, 154, 'Pueblo Nuevo'),
(4253, 154, 'Recalde'),
(4254, 154, 'Rocha'),
(4255, 154, 'San Jacinto'),
(4256, 154, 'San Juan'),
(4257, 154, 'Santa Luisa'),
(4258, 154, 'Sierra Chica'),
(4259, 154, 'Sierras Bayas'),
(4262, 154, 'Villa Monica'),
(4263, 155, 'Abel'),
(4264, 155, 'Alagon'),
(4266, 155, 'Ancon'),
(4267, 155, 'Asturias'),
(4268, 155, 'Barrio Obrero'),
(4270, 155, 'Capitan Castro'),
(4271, 155, 'Chiclana'),
(4272, 155, 'El Recado'),
(4273, 155, 'El Santiago'),
(4274, 155, 'Francisco Madero'),
(4275, 155, 'Gnecco'),
(4276, 155, 'Guanaco'),
(4277, 155, 'Guirondo'),
(4278, 155, 'Inocencio Sosa'),
(4279, 155, 'Juan Jose Paso'),
(4280, 155, 'La Cotorra'),
(4281, 155, 'Larramendy'),
(4282, 155, 'Las Juanitas'),
(4283, 155, 'Magdala'),
(4284, 155, 'Mones Cazon'),
(4285, 155, 'Nueva Plata'),
(4286, 155, 'Pedro Gamen'),
(4287, 155, 'Pehuajo'),
(4288, 155, 'Pueblo San Esteban'),
(4289, 155, 'Rovira'),
(4290, 155, 'San Bernardo'),
(4291, 155, 'Santa Cecilia Centro'),
(4292, 155, 'Santa Cecilia Norte'),
(4293, 155, 'Santa Cecilia Sud'),
(4294, 156, 'Bocayuba'),
(4295, 156, 'De Bary'),
(4296, 922, 'Ingeniero Thompson'),
(4297, 156, 'Jose Maria Blanco'),
(4298, 156, 'Maria P Moreno'),
(4299, 922, 'Pehuelches'),
(4300, 156, 'Pellegrini'),
(4302, 157, 'Acevedo'),
(4303, 157, 'Aguas Corrientes'),
(4304, 157, 'Almacen Castro'),
(4305, 157, 'Almacen Piatti'),
(4306, 157, 'Barrio Trocha'),
(4307, 157, 'Cabo San Fermin'),
(4308, 157, 'Caminera General Lopez'),
(4309, 157, 'Campo Buena Vista'),
(4310, 157, 'Chacra Experimental Inta'),
(4311, 157, 'Colonia La Nena'),
(4312, 157, 'Colonia La Vanguardia'),
(4313, 157, 'Colonia Laborderoy'),
(4314, 157, 'Colonia Los Toldos'),
(4316, 157, 'El Carmen'),
(4317, 157, 'El Quemado'),
(4318, 157, 'El Socorro'),
(4319, 157, 'Estancias'),
(4320, 157, 'Fontezuela'),
(4321, 157, 'Francisco Ayerza'),
(4322, 157, 'General Gelly'),
(4323, 157, 'Gornatti'),
(4324, 157, 'Guerrico'),
(4325, 157, 'Haras El Centinela'),
(4326, 157, 'Hospital San Antonio De La Lla'),
(4327, 157, 'Juan G Pujol'),
(4329, 157, 'La Cora'),
(4330, 157, 'La Margarita'),
(4331, 157, 'La Sarita'),
(4332, 157, 'La Vanguardia'),
(4333, 157, 'La Violeta'),
(4334, 157, 'Lierra Adjemiro'),
(4335, 157, 'Lopez Molinari'),
(4336, 157, 'Maguirre'),
(4337, 157, 'Manantiales'),
(4338, 157, 'Manantiales Grandes'),
(4339, 157, 'Manuel Ocampo'),
(4341, 157, 'Mariano H Alfonzo'),
(4342, 157, 'Mariano Benitez Pergamino'),
(4343, 157, 'Mutti'),
(4344, 157, 'Ortiz Basualdo'),
(4345, 157, 'Paraje Santa Rosa'),
(4348, 157, 'Pinzon'),
(4349, 157, 'Pueblo Otero'),
(4350, 157, 'Pujol'),
(4351, 157, 'Rancagua'),
(4352, 157, 'San Federico'),
(4353, 157, 'San Juan'),
(4354, 157, 'San Ramon'),
(4355, 157, 'Santa Rita'),
(4356, 157, 'Santa Teresita Pergamino'),
(4357, 157, 'Tambo Nuevo'),
(4358, 157, 'Urquiza'),
(4359, 157, 'Villa Centenario'),
(4360, 157, 'Villa Da Fonte'),
(4361, 157, 'Villa Godoy'),
(4362, 157, 'Villa Progreso'),
(4363, 158, 'Camaron Chico'),
(4364, 158, 'Casalins'),
(4365, 158, 'Don Vicente'),
(4366, 158, 'El Alba'),
(4367, 158, 'El Vence'),
(4368, 158, 'La Alcira'),
(4369, 158, 'La Despierta'),
(4370, 158, 'La Florida'),
(4371, 158, 'La Larga Nueva'),
(4372, 158, 'La Luz'),
(4373, 158, 'La Mascota'),
(4374, 158, 'La Piedra'),
(4375, 158, 'La Reforma'),
(4376, 158, 'La Victoria'),
(4377, 158, 'Las Achiras'),
(4378, 158, 'Las Chilcas'),
(4379, 158, 'Las Tortugas'),
(4380, 158, 'Pila'),
(4381, 158, 'Puente El Ochenta'),
(4382, 158, 'Real Audiencia'),
(4383, 158, 'San Antonio'),
(4384, 158, 'San Daniel'),
(4385, 158, 'San Enrique'),
(4386, 159, 'Almirante Irizar'),
(4387, 159, 'Barrio San Alejo'),
(4388, 108, 'Carlos Lemee'),
(4389, 159, 'Del Viso'),
(4390, 159, 'Empalme'),
(4391, 159, 'Establecimiento San Miguel'),
(4392, 159, 'Fatima Estacion Empalme'),
(4393, 159, 'Kilometro 45'),
(4394, 159, 'Kilometro 61'),
(4395, 159, 'Manuel Alberti'),
(4396, 159, 'Manzanares'),
(4397, 159, 'Manzone'),
(4399, 159, 'Presidente Derqui'),
(4400, 159, 'Toro'),
(4401, 159, 'Villa Agueda'),
(4402, 159, 'Villa Astolfi'),
(4403, 159, 'Villa Buide'),
(4404, 159, 'Villa Rosa'),
(4405, 159, 'Villa Santa Maria'),
(4406, 159, 'Villa Verde'),
(4407, 159, 'Zelaya'),
(4409, 161, '17 De Agosto'),
(4410, 161, 'Adela Saenz'),
(4411, 161, 'Aldea San Andres'),
(4413, 161, 'Azopardo'),
(4414, 161, 'Bordenave'),
(4415, 161, 'Colonia Dr Gdor Udaondo'),
(4416, 161, 'Colonia El Pincen'),
(4417, 161, 'Colonia Hipolito Yrigoyen'),
(4418, 161, 'Colonia La Catalina'),
(4419, 161, 'Colonia La Vascongada'),
(4420, 161, 'Colonia Santa Rosa'),
(4421, 161, 'Darregueira'),
(4422, 161, 'Desvio San Alejo'),
(4423, 161, 'Empalme Piedra Echada'),
(4424, 161, 'Erize'),
(4425, 161, 'Estela'),
(4426, 161, 'Felipe Sola'),
(4427, 161, 'General Rondeau'),
(4428, 161, 'La Celina'),
(4429, 161, 'La Colorada Chica'),
(4430, 161, 'La Eva'),
(4431, 161, 'La Pochola'),
(4432, 161, 'La Rosalia'),
(4433, 161, 'La Sombra'),
(4434, 161, 'La Vascongada'),
(4435, 161, 'Lopez Lecube'),
(4436, 161, 'Piedra Ancha'),
(4437, 161, 'Puan'),
(4438, 161, 'Rivadeo'),
(4439, 161, 'San Andres'),
(4440, 161, 'San Emilio'),
(4441, 161, 'San German'),
(4442, 161, 'San Jose'),
(4443, 161, 'Tres Cuervos'),
(4444, 161, 'Viboras'),
(4445, 161, 'Villa Iris'),
(4447, 143, 'Balneario Mar Chiquita'),
(4449, 162, 'Barrio Batan'),
(4452, 162, 'Barrio Chapadmalal'),
(4458, 162, 'Barrio Emir Ramon Juarez'),
(4461, 162, 'Barrio Gastronomico'),
(4473, 162, 'Barrio Pueblo Nuevo'),
(4478, 162, 'Barrio Tierra De Oro'),
(4479, 162, 'Barrio Tiro Federal'),
(4482, 162, 'Camet'),
(4483, 162, 'Colonia De Vac Chapadmalal'),
(4484, 162, 'El Boqueron'),
(4486, 162, 'El Soldado'),
(4488, 162, 'Haras Chapadmalal'),
(4491, 162, 'La Peregrina'),
(4492, 162, 'Laguna De Los Padres'),
(4493, 162, 'Laguna Del Soldado'),
(4495, 162, 'Los Ortiz'),
(4502, 162, 'Playa Chapadmalal'),
(4508, 162, 'Sierra De Los Padres'),
(4509, 162, 'Villa Vignolo'),
(4519, 164, 'Aguirrezabala'),
(4520, 164, 'Almacen El Cruce'),
(4521, 164, 'Colonia La Invernada'),
(4522, 164, 'Colonia La Noria'),
(4523, 164, 'Colonia La Reina'),
(4524, 164, 'Colonia Stegman'),
(4525, 164, 'Costa Brava'),
(4526, 164, 'El Jupiter'),
(4527, 164, 'El Paraiso'),
(4528, 164, 'Haras El Ombu'),
(4529, 164, 'La Esperanza'),
(4530, 164, 'La Querencia'),
(4531, 164, 'Las Bahamas'),
(4532, 164, 'Perez Millan'),
(4533, 164, 'Ramallo'),
(4534, 164, 'Santa Teresa'),
(4535, 164, 'Villa Gral Savio Ex Sanchez'),
(4536, 164, 'Villa Ramallo Est Ffcc'),
(4537, 164, 'Villa Ramallo'),
(4538, 165, 'Chapaleufu'),
(4539, 165, 'Colman'),
(4541, 165, 'El Carmen De Langueyu'),
(4542, 165, 'El Chalar'),
(4543, 165, 'Galera De Torres'),
(4544, 165, 'Loma Negra'),
(4545, 165, 'Loma Partida'),
(4546, 165, 'Magallanes'),
(4547, 165, 'Miranda'),
(4549, 165, 'Rauch'),
(4550, 165, 'San Jose'),
(4551, 165, 'Villa Burgos'),
(4552, 165, 'Villa Loma'),
(4553, 165, 'Villa San Pedro'),
(4554, 166, 'America'),
(4555, 166, 'Badano'),
(4556, 166, 'Cerrito'),
(4557, 166, 'Colonia El Balde'),
(4558, 166, 'Condarco'),
(4559, 166, 'Fortin Olavarria'),
(4560, 166, 'Gonzalez Moreno'),
(4561, 166, 'La Cautiva'),
(4562, 166, 'Meridiano Vo'),
(4563, 166, 'Mira Pampa'),
(4564, 166, 'Rivadavia'),
(4565, 166, 'Roosevelt Partido Rivadavia'),
(4566, 166, 'San Mauricio'),
(4567, 166, 'Sansinena'),
(4568, 166, 'Sundblad'),
(4569, 166, 'Valentin Gomez'),
(4570, 166, 'Villa Sena'),
(4571, 167, 'Carabelas'),
(4572, 167, 'Colonia La Beba'),
(4573, 167, '4 De Noviembre'),
(4574, 167, 'El Jaguel'),
(4575, 167, 'Guido Spano'),
(4576, 167, 'Haras San Jacinto'),
(4577, 167, 'Hunter'),
(4578, 167, 'Kilometro 36'),
(4579, 167, 'La Beba'),
(4580, 167, 'La Nacion'),
(4581, 167, 'Las Saladas'),
(4582, 167, 'Los Indios'),
(4583, 167, 'Piruco'),
(4584, 167, 'Plumacho'),
(4585, 167, 'Rafael Obligado'),
(4586, 167, 'Roberto Cano'),
(4587, 167, 'Rojas'),
(4588, 167, 'Sol De Mayo'),
(4589, 167, 'Villa Progreso'),
(4590, 168, 'Barrientos'),
(4591, 168, 'Campo Sabate'),
(4592, 168, 'Carlos Beguerie'),
(4593, 168, 'Haras El Salaso'),
(4594, 168, 'Juan Atucha'),
(4595, 168, 'Juan Tronconi'),
(4596, 168, 'La Paz'),
(4597, 168, 'La Paz Chica'),
(4598, 168, 'La Reforma'),
(4599, 168, 'La Rinconada'),
(4600, 168, 'Roque Perez'),
(4601, 168, 'Santiago Larre'),
(4602, 169, 'Abra De Hinojo'),
(4603, 169, 'Alta Vista'),
(4604, 169, 'Arquedas'),
(4605, 169, 'Arroyo Aguas Blancas'),
(4606, 169, 'Arroyo Corto'),
(4607, 169, 'Colonia San Martin'),
(4608, 169, 'Colonia San Pedro'),
(4609, 169, 'Ducos'),
(4610, 169, 'Dufaur'),
(4611, 169, 'Espartillar'),
(4612, 169, 'Goyena'),
(4613, 169, 'La Saudade'),
(4614, 169, 'Pigue'),
(4615, 169, 'Saavedra'),
(4616, 169, 'San Martin De Tours'),
(4617, 170, 'Alvarez De Toledo'),
(4618, 170, 'Barrio Villa Saladillo'),
(4619, 170, 'Cazon'),
(4620, 170, 'Del Carril'),
(4621, 170, 'El Mangrullo'),
(4622, 170, 'Emiliano Reynoso'),
(4623, 170, 'Esther'),
(4624, 170, 'Gobernador Ortiz De Rosas'),
(4625, 170, 'Jose Sojo'),
(4626, 170, 'Juan Blaquier'),
(4627, 170, 'La Barrancosa'),
(4628, 170, 'La Campana'),
(4629, 170, 'La Margarita'),
(4630, 170, 'La Razon'),
(4631, 170, 'Polvaredas'),
(4632, 170, 'Saladillo'),
(4633, 170, 'Saladillo Norte'),
(4634, 170, 'San Benito'),
(4635, 170, 'Toldos Viejos'),
(4636, 171, 'Cailomuta'),
(4637, 171, 'Estacion Caiomuta'),
(4638, 171, 'Graciarena'),
(4639, 171, 'Quenuma'),
(4640, 171, 'Salliquelo'),
(4641, 172, 'Arroyo Dulce'),
(4642, 172, 'Berdier'),
(4644, 172, 'El Retiro'),
(4645, 172, 'Gahan'),
(4646, 172, 'Ines Indart'),
(4647, 172, 'Kilometro 187'),
(4648, 172, 'La Invencible'),
(4649, 172, 'Las Cuatro Puertas'),
(4650, 172, 'Marcelino Ugarte'),
(4651, 172, 'Monroe'),
(4652, 172, 'Salto'),
(4653, 172, 'Tacuari'),
(4654, 172, 'Villa San Jose'),
(4655, 173, 'Azcuenaga'),
(4656, 173, 'Cucullu'),
(4657, 173, 'Espora'),
(4658, 173, 'Franklin'),
(4659, 173, 'Heavy'),
(4660, 173, 'Kilometro 108'),
(4661, 173, 'Kilometro 125'),
(4662, 173, 'La Florida'),
(4663, 173, 'Ruiz Solis'),
(4664, 173, 'San Andres De Giles'),
(4665, 173, 'Solis'),
(4666, 173, 'Tuyuti'),
(4667, 173, 'Villa Espil'),
(4668, 173, 'Villa Ruiz'),
(4669, 173, 'Villa San Alberto'),
(4671, 174, 'Colonia Los Tres Usaris'),
(4672, 174, 'Duggan'),
(4673, 174, 'Flamenco'),
(4674, 174, 'Puente Castex'),
(4675, 174, 'Puesto Del Medio'),
(4676, 174, 'San Antonio De Areco'),
(4677, 174, 'Vagues'),
(4678, 174, 'Villa Lia'),
(4679, 191, 'Balneario Claromeco'),
(4680, 175, 'Cooper'),
(4681, 175, 'Cristiano Muerto'),
(4682, 175, 'Deferrari'),
(4683, 175, 'El Cristiano'),
(4684, 175, 'La Ballena'),
(4685, 175, 'La Feliciana'),
(4686, 175, 'La Gaviota'),
(4687, 175, 'Loma Del Indio'),
(4688, 175, 'Los Molles'),
(4689, 175, 'Ochandio'),
(4690, 175, 'San Cayetano'),
(4691, 175, 'San Severo'),
(4692, 175, 'Santa Catalina'),
(4695, 177, 'Acassuso'),
(4696, 177, 'Beccar'),
(4697, 177, 'Boulogne'),
(4698, 177, 'Martinez'),
(4699, 177, 'San Isidro'),
(4700, 177, 'Villa Adelina'),
(4711, 180, 'Campo Funke'),
(4712, 180, 'Francisco Berra'),
(4713, 180, 'Funke'),
(4714, 180, 'Goyeneche'),
(4715, 180, 'Guardia Del Monte'),
(4716, 180, 'Kilometro 128'),
(4717, 180, 'Kilometro 88'),
(4718, 180, 'Los Cerrillos'),
(4719, 180, 'Los Eucaliptos'),
(4720, 180, 'San Miguel Del Monte'),
(4721, 180, 'Zenon Videla Dorna'),
(4740, 182, 'Algarrobo'),
(4741, 182, 'Arroyo Burgos'),
(4742, 182, 'Colonia Velez'),
(4743, 182, 'Doyle'),
(4744, 182, 'El Descanso'),
(4745, 182, 'El Espinillo'),
(4746, 182, 'Gobernador Castro'),
(4747, 182, 'Ingeniero Moneta'),
(4748, 182, 'Kilometro 172'),
(4749, 182, 'Kilometro 184'),
(4750, 182, 'La Bolsa'),
(4751, 182, 'La Buana Moza'),
(4752, 182, 'La Matilde'),
(4753, 182, 'Las Flores'),
(4754, 182, 'Oliveira Cesar'),
(4755, 182, 'Parada Kilometro 158'),
(4756, 182, 'Rio Tala'),
(4757, 182, 'Ruta 9 Kilometro 169 5'),
(4758, 182, 'San Pedro'),
(4759, 182, 'Santa Lucia'),
(4760, 182, 'Villa Depietri'),
(4761, 182, 'Villa Leandra'),
(4762, 182, 'Villa Sarita'),
(4763, 182, 'Villa Teresa'),
(4764, 182, 'Villaigrillo'),
(4765, 182, 'Vuelta De Obligado'),
(4766, 183, 'Alejandro Korn'),
(4767, 183, 'Barrio San Pablo'),
(4768, 183, 'Barrio Santa Magdalena'),
(4769, 183, 'Domselaar'),
(4770, 183, 'El Pampero'),
(4771, 183, 'La Argentina'),
(4772, 183, 'San Vicente'),
(4773, 184, 'Capdepont'),
(4774, 184, 'General Rivas'),
(4775, 184, 'Haras La Elvira'),
(4776, 184, 'La Sara'),
(4777, 184, 'Roman Baez'),
(4778, 184, 'Suipacha'),
(4779, 185, 'Aceilan'),
(4780, 185, 'Cantera Aguirre'),
(4781, 185, 'Cantera Albion'),
(4782, 185, 'Cantera La Aurora'),
(4783, 185, 'Cantera La Federacion'),
(4784, 185, 'Cantera La Movediza'),
(4785, 185, 'Cantera Monte Cristo'),
(4786, 185, 'Cantera San Luis'),
(4787, 185, 'Cerro De Los Leones'),
(4788, 185, 'De La Canal'),
(4789, 185, 'Desvio Aguirre'),
(4790, 185, 'El Gallo'),
(4791, 185, 'Empalme Cerro Chato'),
(4792, 185, 'Fulton'),
(4793, 185, 'Gardey'),
(4794, 185, 'Iraola'),
(4795, 185, 'La Aurora'),
(4796, 185, 'La Azotea'),
(4797, 185, 'La Azucena'),
(4798, 185, 'La Numancia'),
(4799, 185, 'La Pastora'),
(4800, 185, 'Los Leones'),
(4801, 185, 'Maria Ignacia'),
(4802, 185, 'San Pascual'),
(4805, 185, 'Vela'),
(4806, 185, 'Villa Daza'),
(4807, 185, 'Villa Dufau'),
(4808, 185, 'Villa Galicia'),
(4809, 185, 'Villa Italia'),
(4811, 186, 'Altona'),
(4812, 186, 'Campo Rojas'),
(4813, 186, 'Crotto'),
(4814, 186, 'El Mirador'),
(4815, 186, 'El Sauce'),
(4816, 186, 'La Isabel'),
(4817, 186, 'La Protegida'),
(4818, 186, 'Requena'),
(4819, 186, 'San Andres De Tapalque'),
(4820, 186, 'San Bernardo'),
(4821, 186, 'Santa Rosa'),
(4822, 186, 'Tapalque'),
(4823, 186, 'Uballes'),
(4824, 186, 'Velloso'),
(4825, 186, 'Yerbas'),
(4834, 188, 'Esquina De Crotto'),
(4835, 188, 'General Conesa'),
(4836, 188, 'Tordillo'),
(4837, 189, 'Berraondo'),
(4838, 189, 'Chasico'),
(4840, 189, 'El Cortapie'),
(4841, 189, 'Estomba'),
(4842, 189, 'Fortin Chaco'),
(4843, 189, 'Fuerte Argentino'),
(4844, 189, 'Garcia Del Rio'),
(4845, 189, 'Glorialdo'),
(4846, 189, 'Nueva Roma'),
(4847, 189, 'Pelicura'),
(4848, 189, 'Saldungaray'),
(4849, 189, 'Sierra De La Ventana'),
(4850, 189, 'Tornquist'),
(4851, 189, 'Tres Picos'),
(4852, 190, '30 De Agosto'),
(4853, 190, 'Barrio Indio Trompa'),
(4854, 190, 'Berutti'),
(4855, 190, 'Corazzi'),
(4856, 190, 'Duhau'),
(4857, 190, 'Francisco De Vitoria'),
(4858, 190, 'Francisco Magnano'),
(4859, 190, 'Girodias'),
(4860, 190, 'La Carreta'),
(4861, 190, 'La Margarita'),
(4863, 190, 'La Zanja'),
(4864, 190, 'Laguna Redonda'),
(4865, 190, 'Las Guasquitas'),
(4866, 190, 'Lertora'),
(4867, 190, 'Mari Lauquen'),
(4868, 190, 'Martin Fierro'),
(4869, 190, 'Primera Junta'),
(4870, 190, 'San Ramon'),
(4871, 190, 'Santa Ines'),
(4872, 190, 'Trenque Lauquen'),
(4873, 190, 'Tronge'),
(4874, 190, 'Villa Branda'),
(4875, 191, 'Balneario Oceano'),
(4876, 191, 'Balneario Orense'),
(4877, 191, 'Claudio C Molina'),
(4878, 191, 'Copetonas'),
(4879, 191, 'El Bombero'),
(4880, 191, 'El Carretero'),
(4881, 191, 'El Triangulo'),
(4882, 191, 'Estacion Barrow'),
(4883, 191, 'Est San Francisco Belloq'),
(4884, 191, 'General Valdez'),
(4885, 191, 'Hueso Clavado'),
(4886, 191, 'La Horqueta'),
(4887, 191, 'La Sortija'),
(4888, 191, 'La Tigra'),
(4889, 191, 'Las Vaquerias'),
(4890, 191, 'Lin Calel'),
(4891, 191, 'Micaela Cascallares'),
(4892, 191, 'Orense'),
(4893, 191, 'Paso Del Medano'),
(4894, 191, 'Pierini'),
(4895, 191, 'Reta'),
(4897, 191, 'San Francisco De Bellocq'),
(4898, 191, 'San Mayol'),
(4899, 191, 'Tres Arroyos'),
(4900, 191, 'Villa Carucha'),
(4911, 193, 'Baigorrita'),
(4912, 193, 'Campo Coliqueo'),
(4913, 193, 'Campo La Tribu'),
(4914, 193, 'Chancay'),
(4915, 193, 'Colonia Los Bosques'),
(4916, 193, 'Colonia Los Huesos'),
(4917, 193, 'Colonia San Francisco'),
(4918, 193, 'El Retiro'),
(4919, 193, 'General Viamonte'),
(4920, 193, 'Kilometro 282'),
(4921, 193, 'La Delfina'),
(4922, 193, 'La Tribu'),
(4923, 193, 'Los Bosques'),
(4924, 193, 'Los Huesos'),
(4925, 193, 'Los Toldos'),
(4926, 193, 'Quirno Costa'),
(4927, 193, 'San Emilio'),
(4928, 193, 'San Roque'),
(4929, 193, 'Villa Delfina'),
(4930, 193, 'Zavalia'),
(4937, 195, 'Algarrobo'),
(4938, 195, 'Argerich'),
(4939, 195, 'Balneario Chapalco'),
(4940, 195, 'Balneario San Antonio'),
(4941, 195, 'Cabeza De Buey'),
(4942, 195, 'Colonia Cuarenta Y Tres'),
(4943, 195, 'Colonia La Merced'),
(4944, 195, 'Colonia Monte La Plata'),
(4945, 195, 'Colonia Los Alfalfares'),
(4946, 195, 'Colonia Ocampo'),
(4947, 195, 'Colonia Pueblo Ruso'),
(4948, 195, 'Colonia San Enrique'),
(4949, 195, 'El Paraiso'),
(4950, 195, 'El Rincon'),
(4951, 195, 'Fortin Mercedes'),
(4953, 195, 'Hilario Ascasubi'),
(4954, 195, 'Isla Verde'),
(4955, 195, 'Juan Couste'),
(4956, 195, 'Kilometro 697'),
(4957, 195, 'La Blanca'),
(4958, 195, 'La Celia'),
(4959, 195, 'La Gleva'),
(4960, 195, 'La Mascota'),
(4961, 195, 'Laguna Chasico'),
(4962, 195, 'Las Escobas'),
(4963, 195, 'Las Isletas'),
(4964, 195, 'Mayor Buratovich'),
(4965, 195, 'Medanos'),
(4966, 195, 'Montes De Oca'),
(4967, 195, 'Nicolas Levalle'),
(4968, 195, 'Ombucta'),
(4969, 195, 'Paso Cramer'),
(4970, 195, 'Pedro Luro'),
(4971, 195, 'Puerto Coloma'),
(4972, 195, 'Salinas Chicas'),
(4973, 195, 'San Adolfo'),
(4974, 195, 'Teniente Origone'),
(4975, 195, 'Villa Rio Chico'),
(4976, 196, 'Coraceros'),
(4977, 196, 'El Trio'),
(4978, 196, 'Henderson'),
(4979, 196, 'Herrera Vegas'),
(4980, 196, 'Maria Lucila'),
(4981, 197, 'Alto Verde'),
(4982, 197, 'Arroyo Aguila Negra'),
(4983, 197, 'Arroyo Botija Falsa'),
(4985, 197, 'Arroyo Negro'),
(4986, 197, 'Atucha'),
(4987, 197, 'Canal Martin Irigoyen'),
(4988, 197, 'El Tatu'),
(4989, 197, 'Escalada'),
(4990, 197, 'Frigorifico Las Palmas'),
(4991, 197, 'La Pesqueria'),
(4992, 197, 'Las Palmas'),
(4993, 197, 'Lima'),
(4994, 197, 'Villa Angus'),
(4995, 197, 'Villa Capdepont'),
(4996, 197, 'Villa Florida'),
(4997, 197, 'Villa Fox'),
(4998, 197, 'Villa Massoni'),
(4999, 197, 'Villa Mosconi'),
(5000, 197, 'Zarate'),
(5001, 198, 'Ciudad Autónoma De Buenos Aire'),
(5049, 407, '9 De Abril'),
(5051, 407, 'El Jaguel'),
(5052, 407, 'Luis Guillon'),
(16353, 75, 'Bahia Blanca'),
(16357, 157, 'Pergamino'),
(16359, 185, 'Tandil'),
(16375, 72, 'Gerli'),
(16376, 407, 'Canning'),
(16377, 407, 'Monte Grande'),
(16380, 130, 'Gerli'),
(16381, 130, 'Lanus'),
(16422, 922, 'Tres Lomas'),
(16431, 923, 'Hurlingham'),
(16432, 923, 'Villa Santos Tesei'),
(16434, 924, 'Castelar'),
(16435, 924, 'Domingo Faustino Sarmiento'),
(16436, 924, 'El Palomar'),
(16437, 924, 'Haedo'),
(16438, 924, 'Moron'),
(16439, 925, 'San Fernando'),
(16440, 925, 'Victoria'),
(16441, 925, 'Virreyes'),
(16442, 925, 'Zona Delta San Fernando'),
(16445, 926, 'Villa Gobernador Udaondo'),
(16446, 926, 'Ituzaingo'),
(16447, 926, 'Barrio Parque Leloir'),
(16448, 927, 'Banfield'),
(16449, 927, 'Llavallol'),
(16450, 927, 'Lomas De Zamora'),
(16451, 927, 'Temperley'),
(16452, 927, 'Turdera'),
(16464, 929, 'Aeropuerto Ezeiza'),
(16465, 929, 'Canning'),
(16466, 929, 'Carlos Spegazzini'),
(16467, 929, 'Ezeiza'),
(16468, 929, 'La Union'),
(16469, 929, 'Tristan Suarez'),
(16470, 930, 'Grand Bourg'),
(16471, 930, 'Ingeniero Adolfo Sourdeaux'),
(16472, 930, 'Los Polvorines'),
(16473, 930, 'Pablo Nogues'),
(16474, 930, 'Tortuguitas'),
(16475, 930, 'Villa De Mayo'),
(16481, 932, 'Caseros'),
(16482, 932, 'Churruca'),
(16483, 932, 'Ciudad Jardin Del Palomar'),
(16484, 932, 'Ciudadela'),
(16485, 932, 'El Libertador'),
(16486, 932, 'Jose Ingenieros'),
(16487, 932, 'Loma Hermosa'),
(16488, 932, 'Martin Coronado'),
(16489, 932, '11 De Septiembre');
INSERT INTO `tbllocalidades` (`idLocalidad`, `partido`, `nombre`) VALUES
(16490, 932, 'Pablo Podesta'),
(16491, 932, 'Remedios De Escalada'),
(16492, 932, 'Santos Lugares'),
(16493, 932, 'Villa Bosch'),
(16494, 932, 'Villa Raffo'),
(16496, 933, 'Aldo Bonzi'),
(16497, 933, '20 De Junio'),
(16498, 933, 'Ciudad Madero'),
(16499, 933, 'Ciudad Evita'),
(16500, 933, 'Gonzalez Catan'),
(16502, 933, 'Gregorio De Laferrere'),
(16503, 933, 'Isidro Casanova'),
(16504, 933, 'La Salada'),
(16505, 933, 'Lomas Del Mirador'),
(16506, 933, 'Mercado Central'),
(16507, 933, 'Rafael Castillo'),
(16508, 933, 'Ramos Mejia'),
(16509, 933, 'San Justo'),
(16510, 933, 'Tablada'),
(16511, 933, 'Tapiales'),
(16512, 933, 'Villa Insuperable'),
(16513, 933, 'Villa Luzuriaga'),
(16514, 933, 'Virrey Del Pino'),
(16516, 934, 'Jose Clemente Paz'),
(16522, 938, 'Bella Vista'),
(16523, 938, 'Campo De Mayo'),
(16525, 938, 'San Miguel'),
(16526, 939, 'Cuartel V'),
(16527, 939, 'Francisco Alvarez'),
(16528, 939, 'La Reja'),
(16529, 939, 'Moreno'),
(16530, 939, 'Paso Del Rey'),
(16531, 939, 'Trujui'),
(16532, 940, 'Benavidez'),
(16533, 940, 'Dique Lujan'),
(16534, 940, 'Don Torcuato'),
(16535, 940, 'El Talar'),
(16536, 940, 'General Pacheco'),
(16537, 940, 'Ricardo Rojas'),
(16538, 940, 'Rincon De Milberg'),
(16539, 940, 'Tigre'),
(16540, 940, 'Troncos Del Talar'),
(16546, 943, 'Bernal Este'),
(16547, 943, 'Bernal Oeste'),
(16548, 943, 'Don Bosco'),
(16549, 943, 'Ezpeleta Este'),
(16550, 943, 'Ezpeleta Oeste'),
(16551, 943, 'Quilmes'),
(16552, 943, 'Quilmes Oeste'),
(16553, 943, 'San Francisco Solano'),
(16554, 943, 'Villa La Florida'),
(16565, 947, 'General San Martin'),
(16566, 947, 'Jose Leon Suarez'),
(16567, 947, 'San Andres'),
(16568, 947, 'Villa Ballester'),
(16569, 947, 'Villa Lynch'),
(16570, 948, 'Libertad'),
(16571, 948, 'Mariano Acosta'),
(16572, 948, 'Merlo'),
(16573, 948, 'Parque San Martin'),
(16574, 948, 'Pontevedra'),
(16575, 948, 'San Antonio De Padua'),
(16576, 949, 'Bosques'),
(16577, 949, 'Florencio Varela'),
(16578, 949, 'Gobernador Costa'),
(16579, 949, 'Ingeniero Allan'),
(16580, 949, 'Santa Rosa'),
(16581, 949, 'Villa Brown'),
(16582, 949, 'Villa Vatteone'),
(16583, 949, 'Zeballos'),
(16588, 950, 'Berazategui'),
(16589, 950, 'Centro Agricola El Pato'),
(16590, 950, 'Guillermo E Hudson'),
(16591, 950, 'Juan Maria Gutierrez'),
(16592, 950, 'Pereyra'),
(16593, 950, 'Platanos'),
(16594, 950, 'Ranelagh'),
(16595, 950, 'Sourigues'),
(16607, 120, 'Fernando Marti'),
(18242, 86, 'Ruta 9 Kilometro 72'),
(18249, 120, 'Francisco Casal'),
(18251, 128, 'Buchanan'),
(18252, 128, 'Camino Centenario Km 11500'),
(18253, 128, 'Ignacio Correas Arana'),
(18254, 128, 'Juan Vucetich Ex Dr R Levene'),
(18255, 133, 'Hornos'),
(18256, 185, 'Villa Laza'),
(18257, 94, 'Cerro De La Gloria Canal 15'),
(18260, 94, 'La Corina'),
(18261, 75, 'Colonia Bella Vista'),
(18263, 96, 'Escribano P Nicolas'),
(18265, 96, 'Espartillar'),
(18266, 188, 'Villa Roch'),
(18267, 96, 'San Rafael'),
(18269, 97, 'Emilio Ayarza'),
(18270, 75, 'Base Aeronaval Cmte Espora'),
(18271, 182, 'Villa Igollo'),
(18272, 102, 'Sauce Corto'),
(18273, 67, 'Anderson'),
(18276, 66, 'El Lucero'),
(18278, 69, 'La Caleta'),
(18279, 69, 'Mar De Cobo'),
(18296, 140, 'General Mansilla'),
(18302, 140, 'Roberto Payro'),
(18304, 173, 'San Alberto'),
(18307, 143, 'Santa Elena'),
(18308, 145, 'Kilometro 125'),
(18309, 147, 'Sauce Grande'),
(18312, 156, '12 De Agosto'),
(18352, 191, 'La Pastora'),
(18367, 197, 'Barrio San Jacinto'),
(18426, 195, 'Estancia Las Isletas'),
(18483, 409, 'Alvarez Jonte'),
(18484, 409, 'Las Tahonas'),
(18485, 409, 'Luis Chico'),
(18486, 409, 'Pancho Diaz'),
(20900, 162, 'Mar Del Plata'),
(21073, 951, 'Erezcano'),
(21074, 951, 'General Conesa'),
(21075, 951, 'San Nicolas De Los Arroyos'),
(21493, 151, 'Necochea'),
(21722, 952, 'Carapachay'),
(21723, 952, 'Florida'),
(21724, 952, 'Florida Oeste'),
(21725, 952, 'La Lucila'),
(21726, 952, 'Munro'),
(21727, 952, 'Olivos'),
(21728, 952, 'Vicente Lopez'),
(21729, 952, 'Villa Martelli'),
(24840, 953, 'America Unida'),
(24841, 953, 'Guernica'),
(24842, 953, 'Villa Numancia'),
(25773, 954, 'General Rodriguez'),
(25774, 954, 'La Fraternidad'),
(25775, 954, 'Las Malvinas'),
(26285, 126, 'Junin'),
(26304, 159, 'Pilar'),
(26305, 955, 'Almirante Brown'),
(26306, 955, 'Burzaco'),
(26307, 955, 'Claypole'),
(26308, 955, 'Glew'),
(26309, 955, 'Jose Marmol'),
(26310, 955, 'Longchamps'),
(26311, 955, 'Malvinas Argentinas'),
(26312, 955, 'Ministro Rivadavia'),
(26313, 955, 'Rafael Calzada'),
(26314, 955, 'San Jose'),
(26315, 955, 'San Francisco Solano'),
(26316, 139, 'Lujan'),
(26318, 75, 'Ingeniero White'),
(26324, 128, 'La Plata'),
(27527, 144, 'Marcos Paz'),
(27531, 97, 'Chivilcoy'),
(27535, 145, 'Mercedes'),
(27539, 940, 'Isla Martin Garcia'),
(27542, 951, 'General Rojo'),
(27594, 940, 'Zona Delta Tigre'),
(27595, 411, 'Costa Del Este'),
(27598, 197, 'Zona Delta Zarate'),
(27599, 86, 'Zona Delta Campana'),
(27602, 940, 'Nordelta'),
(27603, 101, 'El Chelforo');

-- --------------------------------------------------------

--
-- Estructura de tabla para la tabla `tblpartidos`
--

DROP TABLE IF EXISTS `tblpartidos`;
CREATE TABLE IF NOT EXISTS `tblpartidos` (
  `idPartido` int(11) NOT NULL AUTO_INCREMENT,
  `provincia` int(11) NOT NULL,
  `nombre` varchar(45) NOT NULL,
  PRIMARY KEY (`idPartido`,`provincia`),
  KEY `fk_tblpartidos_tblprovincias_idx` (`provincia`)
) ENGINE=InnoDB  DEFAULT CHARSET=utf8 AUTO_INCREMENT=956 ;

--
-- Volcado de datos para la tabla `tblpartidos`
--

INSERT INTO `tblpartidos` (`idPartido`, `provincia`, `nombre`) VALUES
(63, 1, '25 De Mayo'),
(64, 1, '9 De Julio'),
(65, 1, 'Adolfo Alsina'),
(66, 1, 'Adolfo Gonzales Chaves'),
(67, 1, 'Alberti'),
(69, 1, 'General Alvarado'),
(70, 1, 'General Alvear'),
(71, 1, 'Florentino Ameghino'),
(72, 1, 'Avellaneda'),
(73, 1, 'Ayacucho'),
(74, 1, 'Azul'),
(75, 1, 'Bahia Blanca'),
(76, 1, 'Balcarce'),
(77, 1, 'Baradero'),
(78, 1, 'Bartolome Mitre'),
(80, 1, 'Benito Juarez'),
(82, 1, 'Berisso'),
(83, 1, 'Bolivar'),
(84, 1, 'Bragado'),
(85, 1, 'Coronel Brandsen'),
(86, 1, 'Campana'),
(88, 1, 'Capitan Sarmiento'),
(89, 1, 'Carlos Casares'),
(90, 1, 'Carlos Tejedor'),
(91, 1, 'Carmen De Areco'),
(92, 1, 'Patagones'),
(94, 1, 'Castelli'),
(95, 1, 'Chacabuco'),
(96, 1, 'Chascomus'),
(97, 1, 'Chivilcoy'),
(98, 1, 'Colon'),
(99, 1, 'Coronel Rosales'),
(100, 1, 'Coronel Dorrego'),
(101, 1, 'Coronel Pringles'),
(102, 1, 'Coronel Suarez'),
(103, 1, 'Daireaux'),
(104, 1, 'Dolores'),
(105, 1, 'Ensenada'),
(106, 1, 'Escobar'),
(108, 1, 'Exaltacion De La Cruz'),
(111, 1, 'General Arenales'),
(112, 1, 'General Belgrano'),
(113, 1, 'General Guido'),
(114, 1, 'General Lavalle'),
(115, 1, 'General Madariaga'),
(116, 1, 'General Paz'),
(117, 1, 'General Pinto'),
(120, 1, 'General Villegas'),
(121, 1, 'Guamini'),
(126, 1, 'Junin'),
(128, 1, 'La Plata'),
(129, 1, 'General Lamadrid'),
(130, 1, 'Lanus'),
(131, 1, 'Laprida'),
(132, 1, 'Las Flores'),
(133, 1, 'General Las Heras'),
(134, 1, 'Leandro N Alem'),
(135, 1, 'Lincoln'),
(136, 1, 'Loberia'),
(137, 1, 'Lobos'),
(139, 1, 'Lujan'),
(140, 1, 'Magdalena'),
(141, 1, 'Maipu'),
(143, 1, 'Mar Chiquita'),
(144, 1, 'Marcos Paz'),
(145, 1, 'Mercedes'),
(147, 1, 'Monte Hermoso'),
(150, 1, 'Navarro'),
(151, 1, 'Necochea'),
(154, 1, 'Olavarria'),
(155, 1, 'Pehuajo'),
(156, 1, 'Pellegrini'),
(157, 1, 'Pergamino'),
(158, 1, 'Pila'),
(159, 1, 'Pilar'),
(161, 1, 'Puan'),
(162, 1, 'General Pueyrredon'),
(164, 1, 'Ramallo'),
(165, 1, 'Rauch'),
(166, 1, 'Rivadavia'),
(167, 1, 'Rojas'),
(168, 1, 'Roque Perez'),
(169, 1, 'Saavedra'),
(170, 1, 'Saladillo'),
(171, 1, 'Salliquelo'),
(172, 1, 'Salto'),
(173, 1, 'San Andres De Giles'),
(174, 1, 'San Antonio De Areco'),
(175, 1, 'San Cayetano'),
(177, 1, 'San Isidro'),
(180, 1, 'Monte'),
(182, 1, 'San Pedro'),
(183, 1, 'San Vicente'),
(184, 1, 'Suipacha'),
(185, 1, 'Tandil'),
(186, 1, 'Tapalque'),
(188, 1, 'Tordillo'),
(189, 1, 'Tornquist'),
(190, 1, 'Trenque Lauquen'),
(191, 1, 'Tres Arroyos'),
(193, 1, 'General Viamonte'),
(195, 1, 'Villarino'),
(196, 1, 'Hipolito Yrigoyen'),
(197, 1, 'Zarate'),
(198, 2, 'Capital Federal'),
(407, 1, 'Esteban Echeverria'),
(409, 1, 'Punta Indio'),
(410, 1, 'Pinamar'),
(411, 1, 'De La Costa'),
(412, 1, 'Villa Gesell'),
(922, 1, 'Tres Lomas'),
(923, 1, 'Hurlingham'),
(924, 1, 'Moron'),
(925, 1, 'San Fernando'),
(926, 1, 'Ituzaingo'),
(927, 1, 'Lomas De Zamora'),
(929, 1, 'Ezeiza'),
(930, 1, 'Malvinas Argentinas'),
(932, 1, 'Tres De Febrero'),
(933, 1, 'La Matanza'),
(934, 1, 'Jose Clemente Paz'),
(938, 1, 'San Miguel'),
(939, 1, 'Moreno'),
(940, 1, 'Tigre'),
(943, 1, 'Quilmes'),
(947, 1, 'General San Martin'),
(948, 1, 'Merlo'),
(949, 1, 'Florencio Varela'),
(950, 1, 'Berazategui'),
(951, 1, 'San Nicolas'),
(952, 1, 'Vicente Lopez'),
(953, 1, 'Presidente Peron'),
(954, 1, 'General Rodriguez'),
(955, 1, 'Almirante Brown');

-- --------------------------------------------------------

--
-- Estructura de tabla para la tabla `tblprovincias`
--

DROP TABLE IF EXISTS `tblprovincias`;
CREATE TABLE IF NOT EXISTS `tblprovincias` (
  `idProvincia` int(11) NOT NULL AUTO_INCREMENT,
  `nombre` varchar(45) NOT NULL,
  PRIMARY KEY (`idProvincia`)
) ENGINE=InnoDB  DEFAULT CHARSET=utf8 AUTO_INCREMENT=3 ;

--
-- Volcado de datos para la tabla `tblprovincias`
--

INSERT INTO `tblprovincias` (`idProvincia`, `nombre`) VALUES
(1, 'Provincia de Buenos Aires'),
(2, 'Capital Federal');

-- --------------------------------------------------------

--
-- Estructura de tabla para la tabla `tbltipoinst`
--

DROP TABLE IF EXISTS `tbltipoinst`;
CREATE TABLE IF NOT EXISTS `tbltipoinst` (
  `idTipoInst` int(11) NOT NULL AUTO_INCREMENT,
  `tipo` varchar(45) NOT NULL,
  PRIMARY KEY (`idTipoInst`)
) ENGINE=InnoDB  DEFAULT CHARSET=utf8 AUTO_INCREMENT=7 ;

--
-- Volcado de datos para la tabla `tbltipoinst`
--

INSERT INTO `tbltipoinst` (`idTipoInst`, `tipo`) VALUES
(1, 'Hospital'),
(2, 'Clínica'),
(3, 'Unidad Sanitaria'),
(4, 'Centro de Salud'),
(5, 'Comisaria'),
(6, 'Bomberos Voluntarios');

-- --------------------------------------------------------

--
-- Estructura de tabla para la tabla `tblusuarios`
--

DROP TABLE IF EXISTS `tblusuarios`;
CREATE TABLE IF NOT EXISTS `tblusuarios` (
  `idUsuario` int(11) NOT NULL AUTO_INCREMENT,
  `username` varchar(45) NOT NULL,
  `password` varchar(32) NOT NULL,
  PRIMARY KEY (`idUsuario`),
  UNIQUE KEY `username_UNIQUE` (`username`)
) ENGINE=InnoDB  DEFAULT CHARSET=utf8 AUTO_INCREMENT=2 ;

--
-- Volcado de datos para la tabla `tblusuarios`
--

INSERT INTO `tblusuarios` (`idUsuario`, `username`, `password`) VALUES
(1, 'admin', '02e77169926293e64c67f9aee66e8361');

--
-- Restricciones para tablas volcadas
--

--
-- Filtros para la tabla `tblinstituciones`
--
ALTER TABLE `tblinstituciones`
  ADD CONSTRAINT `fk_tblinstituciones_tbllocalidades` FOREIGN KEY (`localidad`) REFERENCES `tbllocalidades` (`idLocalidad`) ON DELETE NO ACTION ON UPDATE NO ACTION,
  ADD CONSTRAINT `fk_tblinstituciones_tbltipoinst1` FOREIGN KEY (`tipoInst`) REFERENCES `tbltipoinst` (`idTipoInst`) ON DELETE NO ACTION ON UPDATE NO ACTION;

--
-- Filtros para la tabla `tbllocalidades`
--
ALTER TABLE `tbllocalidades`
  ADD CONSTRAINT `fk_tbllocalidades_tblpartidos_idx` FOREIGN KEY (`partido`) REFERENCES `tblpartidos` (`idPartido`) ON DELETE NO ACTION ON UPDATE NO ACTION;

--
-- Filtros para la tabla `tblpartidos`
--
ALTER TABLE `tblpartidos`
  ADD CONSTRAINT `fk_tblpartidos_tblprovincias_idx` FOREIGN KEY (`provincia`) REFERENCES `tblprovincias` (`idProvincia`) ON DELETE NO ACTION ON UPDATE NO ACTION;

/*!40101 SET CHARACTER_SET_CLIENT=@OLD_CHARACTER_SET_CLIENT */;
/*!40101 SET CHARACTER_SET_RESULTS=@OLD_CHARACTER_SET_RESULTS */;
/*!40101 SET COLLATION_CONNECTION=@OLD_COLLATION_CONNECTION */;
